<?xml version="1.0" encoding="UTF-8"?>
<questestinterop xmlns="http://www.imsglobal.org/xsd/ims_qtiasiv1p2" xmlns:xsi="http://www.w3.org/2001/XMLSchema-instance" xsi:schemaLocation="http://www.imsglobal.org/xsd/ims_qtiasiv1p2 http://www.imsglobal.org/xsd/ims_qtiasiv1p2p1.xsd">
  <assessment ident="text2qti_assessment_e2c1162a1d7facb9cdc576d857b07c2e3087979f390457b680027560c7d0b8e2" title="Ejercicio interactivo sobre propiedades de los materiales">
    <qtimetadata>
      <qtimetadatafield>
        <fieldlabel>cc_maxattempts</fieldlabel>
        <fieldentry>1</fieldentry>
      </qtimetadatafield>
    </qtimetadata>
    <section ident="root_section">
    <section ident="text2qti_group_dea6013594f6350abecf88117728ad61c628a7aef7998609232f1c786cf26a3f" title="Group">
      <selection_ordering>
        <selection>
          <selection_number>1</selection_number>
          <selection_extension>
            <points_per_item>1</points_per_item>
          </selection_extension>
        </selection>
      </selection_ordering>
      <item ident="text2qti_question_65cef1090354627843c52b394c108e38c25f63746d2255827fac7c85f1fb95ee" title="Question">
        <itemmetadata>
          <qtimetadata>
            <qtimetadatafield>
              <fieldlabel>question_type</fieldlabel>
              <fieldentry>multiple_choice_question</fieldentry>
            </qtimetadatafield>
            <qtimetadatafield>
              <fieldlabel>points_possible</fieldlabel>
              <fieldentry>1</fieldentry>
            </qtimetadatafield>
            <qtimetadatafield>
              <fieldlabel>original_answer_ids</fieldlabel>
              <fieldentry>text2qti_choice_8854bf90636ae4d404bcd5c756706ae92df3b39060189976cd8c025c844bd95e,text2qti_choice_976854d30a3a017acb7c0ff8493667dd59a2a43e3cdaf7c458a204e81afd4efa,text2qti_choice_af40a21af53d8a8df3b7b1f76a51143672cfdbe51aaa2f866fb0af2156d3d426,text2qti_choice_01c8f409d0dc1f797b082172d0328622734d598ba2e4699cd37804ba372b8e30</fieldentry>
            </qtimetadatafield>
            <qtimetadatafield>
              <fieldlabel>assessment_question_identifierref</fieldlabel>
              <fieldentry>text2qti_question_ref_65cef1090354627843c52b394c108e38c25f63746d2255827fac7c85f1fb95ee</fieldentry>
            </qtimetadatafield>
          </qtimetadata>
        </itemmetadata>
        <presentation>
          <material>
            <mattext texttype="text/html">&lt;p&gt;Selecciona la opción correcta. ¿Cuál de las siguientes es una propiedad física de los materiales?&lt;/p&gt;</mattext>
          </material>
          <response_lid ident="response1" rcardinality="Single">
            <render_choice>
              <response_label ident="text2qti_choice_8854bf90636ae4d404bcd5c756706ae92df3b39060189976cd8c025c844bd95e">
                <material>
                  <mattext texttype="text/html">&lt;p&gt;Densidad&lt;/p&gt;</mattext>
                </material>
              </response_label>
              <response_label ident="text2qti_choice_976854d30a3a017acb7c0ff8493667dd59a2a43e3cdaf7c458a204e81afd4efa">
                <material>
                  <mattext texttype="text/html">&lt;p&gt;Resistencia a la oxidación&lt;/p&gt;</mattext>
                </material>
              </response_label>
              <response_label ident="text2qti_choice_af40a21af53d8a8df3b7b1f76a51143672cfdbe51aaa2f866fb0af2156d3d426">
                <material>
                  <mattext texttype="text/html">&lt;p&gt;Dureza&lt;/p&gt;</mattext>
                </material>
              </response_label>
              <response_label ident="text2qti_choice_01c8f409d0dc1f797b082172d0328622734d598ba2e4699cd37804ba372b8e30">
                <material>
                  <mattext texttype="text/html">&lt;p&gt;Resistencia a la tracción&lt;/p&gt;</mattext>
                </material>
              </response_label>
            </render_choice>
          </response_lid>
        </presentation>
        <resprocessing>
          <outcomes>
            <decvar maxvalue="100" minvalue="0" varname="SCORE" vartype="Decimal"/>
          </outcomes>
          <respcondition continue="No">
            <conditionvar>
              <varequal respident="response1">text2qti_choice_8854bf90636ae4d404bcd5c756706ae92df3b39060189976cd8c025c844bd95e</varequal>
            </conditionvar>
            <setvar action="Set" varname="SCORE">100</setvar>
          </respcondition>
        </resprocessing>
      </item>
      <item ident="text2qti_question_07db4e366bd6d945565d412ad80d2412da798e0432f2dbf4aa5406f69ae06c59" title="Question">
        <itemmetadata>
          <qtimetadata>
            <qtimetadatafield>
              <fieldlabel>question_type</fieldlabel>
              <fieldentry>multiple_answers_question</fieldentry>
            </qtimetadatafield>
            <qtimetadatafield>
              <fieldlabel>points_possible</fieldlabel>
              <fieldentry>1</fieldentry>
            </qtimetadatafield>
            <qtimetadatafield>
              <fieldlabel>original_answer_ids</fieldlabel>
              <fieldentry>text2qti_choice_253c093cfd2ab0f6e5613e8c1c96628b7fda63fb49ab47327c93db62129cb738,text2qti_choice_3b8459942604cc09a1513de374ab4f8592cd1f8ccb2394b34d14060dcefa32dd,text2qti_choice_45b96d0a47d4e84406bfe67c828171fe7238995865e149fb4d24cfa1a7c76c9e,text2qti_choice_fddb1f433f06421bdc10dade1b169b4ef140434291523dbac7934d64aac70b4e</fieldentry>
            </qtimetadatafield>
            <qtimetadatafield>
              <fieldlabel>assessment_question_identifierref</fieldlabel>
              <fieldentry>text2qti_question_ref_07db4e366bd6d945565d412ad80d2412da798e0432f2dbf4aa5406f69ae06c59</fieldentry>
            </qtimetadatafield>
          </qtimetadata>
        </itemmetadata>
        <presentation>
          <material>
            <mattext texttype="text/html">&lt;p&gt;Elige todas las opciones correctas. Las propiedades mecánicas incluyen:&lt;/p&gt;</mattext>
          </material>
          <response_lid ident="response1" rcardinality="Multiple">
            <render_choice>
              <response_label ident="text2qti_choice_253c093cfd2ab0f6e5613e8c1c96628b7fda63fb49ab47327c93db62129cb738">
                <material>
                  <mattext texttype="text/html">&lt;p&gt;Conductividad térmica&lt;/p&gt;</mattext>
                </material>
              </response_label>
              <response_label ident="text2qti_choice_3b8459942604cc09a1513de374ab4f8592cd1f8ccb2394b34d14060dcefa32dd">
                <material>
                  <mattext texttype="text/html">&lt;p&gt;Punto de fusión&lt;/p&gt;</mattext>
                </material>
              </response_label>
              <response_label ident="text2qti_choice_45b96d0a47d4e84406bfe67c828171fe7238995865e149fb4d24cfa1a7c76c9e">
                <material>
                  <mattext texttype="text/html">&lt;p&gt;Dureza&lt;/p&gt;</mattext>
                </material>
              </response_label>
              <response_label ident="text2qti_choice_fddb1f433f06421bdc10dade1b169b4ef140434291523dbac7934d64aac70b4e">
                <material>
                  <mattext texttype="text/html">&lt;p&gt;Resistencia a la tracción&lt;/p&gt;</mattext>
                </material>
              </response_label>
            </render_choice>
          </response_lid>
        </presentation>
        <resprocessing>
          <outcomes>
            <decvar maxvalue="100" minvalue="0" varname="SCORE" vartype="Decimal"/>
          </outcomes>
          <respcondition continue="No">
            <conditionvar>
              <and>
                <not>
                  <varequal respident="response1">text2qti_choice_253c093cfd2ab0f6e5613e8c1c96628b7fda63fb49ab47327c93db62129cb738</varequal>
                </not>
                <not>
                  <varequal respident="response1">text2qti_choice_3b8459942604cc09a1513de374ab4f8592cd1f8ccb2394b34d14060dcefa32dd</varequal>
                </not>
                <varequal respident="response1">text2qti_choice_45b96d0a47d4e84406bfe67c828171fe7238995865e149fb4d24cfa1a7c76c9e</varequal>
                <varequal respident="response1">text2qti_choice_fddb1f433f06421bdc10dade1b169b4ef140434291523dbac7934d64aac70b4e</varequal>
              </and>
            </conditionvar>
            <setvar action="Set" varname="SCORE">100</setvar>
          </respcondition>
        </resprocessing>
      </item>
      <item ident="text2qti_question_2d4ece828aa3ca9a824eeae339a836accd7f627664043bcb3992fc6b09ff2e0c" title="Question">
        <itemmetadata>
          <qtimetadata>
            <qtimetadatafield>
              <fieldlabel>question_type</fieldlabel>
              <fieldentry>multiple_choice_question</fieldentry>
            </qtimetadatafield>
            <qtimetadatafield>
              <fieldlabel>points_possible</fieldlabel>
              <fieldentry>1</fieldentry>
            </qtimetadatafield>
            <qtimetadatafield>
              <fieldlabel>original_answer_ids</fieldlabel>
              <fieldentry>text2qti_choice_1f8543af50cc2d41e503a362de801594a0b77ca06560c8f54361281adc71ae22,text2qti_choice_b82f9c649f2785fbf900cc1c5570bc59f04703f20e35bcbaaf55d17156a05b66,text2qti_choice_d26e4424eae5d8c681980e667a806a1346aaaa6d158c0cb33d2148c38c5709ea,text2qti_choice_26fb4ec7cf46201b9175723144dfd0310ae864001648e3248886e03705950c7d</fieldentry>
            </qtimetadatafield>
            <qtimetadatafield>
              <fieldlabel>assessment_question_identifierref</fieldlabel>
              <fieldentry>text2qti_question_ref_2d4ece828aa3ca9a824eeae339a836accd7f627664043bcb3992fc6b09ff2e0c</fieldentry>
            </qtimetadatafield>
          </qtimetadata>
        </itemmetadata>
        <presentation>
          <material>
            <mattext texttype="text/html">&lt;p&gt;Selecciona la opción correcta. ¿Cuál de las siguientes es una propiedad química de los materiales?&lt;/p&gt;</mattext>
          </material>
          <response_lid ident="response1" rcardinality="Single">
            <render_choice>
              <response_label ident="text2qti_choice_1f8543af50cc2d41e503a362de801594a0b77ca06560c8f54361281adc71ae22">
                <material>
                  <mattext texttype="text/html">&lt;p&gt;Resistencia a la corrosión&lt;/p&gt;</mattext>
                </material>
              </response_label>
              <response_label ident="text2qti_choice_b82f9c649f2785fbf900cc1c5570bc59f04703f20e35bcbaaf55d17156a05b66">
                <material>
                  <mattext texttype="text/html">&lt;p&gt;Elasticidad&lt;/p&gt;</mattext>
                </material>
              </response_label>
              <response_label ident="text2qti_choice_d26e4424eae5d8c681980e667a806a1346aaaa6d158c0cb33d2148c38c5709ea">
                <material>
                  <mattext texttype="text/html">&lt;p&gt;Dureza&lt;/p&gt;</mattext>
                </material>
              </response_label>
              <response_label ident="text2qti_choice_26fb4ec7cf46201b9175723144dfd0310ae864001648e3248886e03705950c7d">
                <material>
                  <mattext texttype="text/html">&lt;p&gt;Punto de fusión&lt;/p&gt;</mattext>
                </material>
              </response_label>
            </render_choice>
          </response_lid>
        </presentation>
        <resprocessing>
          <outcomes>
            <decvar maxvalue="100" minvalue="0" varname="SCORE" vartype="Decimal"/>
          </outcomes>
          <respcondition continue="No">
            <conditionvar>
              <varequal respident="response1">text2qti_choice_1f8543af50cc2d41e503a362de801594a0b77ca06560c8f54361281adc71ae22</varequal>
            </conditionvar>
            <setvar action="Set" varname="SCORE">100</setvar>
          </respcondition>
        </resprocessing>
      </item>
    </section>
    <section ident="text2qti_group_6f8ad4463b4dcf8c8828f8084f5f9ab68ae4f2b14b41ec43d8edff1c46262cbc" title="Group">
      <selection_ordering>
        <selection>
          <selection_number>2</selection_number>
          <selection_extension>
            <points_per_item>1</points_per_item>
          </selection_extension>
        </selection>
      </selection_ordering>
      <item ident="text2qti_question_36d02bf48790661f2952a1850aeb0a4a073980248399c9d40ada1b519716fee2" title="Question">
        <itemmetadata>
          <qtimetadata>
            <qtimetadatafield>
              <fieldlabel>question_type</fieldlabel>
              <fieldentry>short_answer_question</fieldentry>
            </qtimetadatafield>
            <qtimetadatafield>
              <fieldlabel>points_possible</fieldlabel>
              <fieldentry>1</fieldentry>
            </qtimetadatafield>
            <qtimetadatafield>
              <fieldlabel>original_answer_ids</fieldlabel>
              <fieldentry>text2qti_choice_7ed513a76d493adfb6cddaaf57caae82e5ac605205bf093d7efcb440ac62c895,text2qti_choice_88a3c060282a1a2cad52548f9f00c6eaa04cfe8762fe9064e26cd63473d3fe9f</fieldentry>
            </qtimetadatafield>
            <qtimetadatafield>
              <fieldlabel>assessment_question_identifierref</fieldlabel>
              <fieldentry>text2qti_question_ref_36d02bf48790661f2952a1850aeb0a4a073980248399c9d40ada1b519716fee2</fieldentry>
            </qtimetadatafield>
          </qtimetadata>
        </itemmetadata>
        <presentation>
          <material>
            <mattext texttype="text/html">&lt;p&gt;Responde con una palabra en minúscula. ¿Qué propiedad mecánica se relaciona con la resistencia a ser rayado o penetrado?&lt;/p&gt;</mattext>
          </material>
          <response_str ident="response1" rcardinality="Single">
            <render_fib>
              <response_label ident="answer1" rshuffle="No"/>
            </render_fib>
          </response_str>
        </presentation>
        <resprocessing>
          <outcomes>
            <decvar maxvalue="100" minvalue="0" varname="SCORE" vartype="Decimal"/>
          </outcomes>
          <respcondition continue="No">
            <conditionvar>
              <varequal respident="response1">dureza</varequal>
              <varequal respident="response1">Dureza</varequal>
            </conditionvar>
            <setvar action="Set" varname="SCORE">100</setvar>
          </respcondition>
        </resprocessing>
      </item>
      <item ident="text2qti_question_91cd252b15216b64db078edf681b69d2b33e08cb4d2603ac562f4da37305e6d2" title="Question">
        <itemmetadata>
          <qtimetadata>
            <qtimetadatafield>
              <fieldlabel>question_type</fieldlabel>
              <fieldentry>multiple_choice_question</fieldentry>
            </qtimetadatafield>
            <qtimetadatafield>
              <fieldlabel>points_possible</fieldlabel>
              <fieldentry>1</fieldentry>
            </qtimetadatafield>
            <qtimetadatafield>
              <fieldlabel>original_answer_ids</fieldlabel>
              <fieldentry>text2qti_choice_1bb9dd31048b852e396ced6265f2e0efe922dd6ad0026a0b6369ffc3913c2667,text2qti_choice_3ff567157ed20da7ed408528715fb195fe62d7cc2d379aae102967474de8268b,text2qti_choice_4d371278ef8a973a6f83d8be5bb876399bff98242a28b65ac94782168a9e29d2,text2qti_choice_4c1d8dd117bf87c01d175bd3cfc9c78827d2fa6eb02f5080069d89c8ae4d9ee6</fieldentry>
            </qtimetadatafield>
            <qtimetadatafield>
              <fieldlabel>assessment_question_identifierref</fieldlabel>
              <fieldentry>text2qti_question_ref_91cd252b15216b64db078edf681b69d2b33e08cb4d2603ac562f4da37305e6d2</fieldentry>
            </qtimetadatafield>
          </qtimetadata>
        </itemmetadata>
        <presentation>
          <material>
            <mattext texttype="text/html">&lt;p&gt;Selecciona la opción correcta. ¿Cuál de las siguientes es una propiedad mecánica?&lt;/p&gt;</mattext>
          </material>
          <response_lid ident="response1" rcardinality="Single">
            <render_choice>
              <response_label ident="text2qti_choice_1bb9dd31048b852e396ced6265f2e0efe922dd6ad0026a0b6369ffc3913c2667">
                <material>
                  <mattext texttype="text/html">&lt;p&gt;Resistencia a la tracción&lt;/p&gt;</mattext>
                </material>
              </response_label>
              <response_label ident="text2qti_choice_3ff567157ed20da7ed408528715fb195fe62d7cc2d379aae102967474de8268b">
                <material>
                  <mattext texttype="text/html">&lt;p&gt;Color&lt;/p&gt;</mattext>
                </material>
              </response_label>
              <response_label ident="text2qti_choice_4d371278ef8a973a6f83d8be5bb876399bff98242a28b65ac94782168a9e29d2">
                <material>
                  <mattext texttype="text/html">&lt;p&gt;Resistencia a la oxidación&lt;/p&gt;</mattext>
                </material>
              </response_label>
              <response_label ident="text2qti_choice_4c1d8dd117bf87c01d175bd3cfc9c78827d2fa6eb02f5080069d89c8ae4d9ee6">
                <material>
                  <mattext texttype="text/html">&lt;p&gt;Conductividad eléctrica&lt;/p&gt;</mattext>
                </material>
              </response_label>
            </render_choice>
          </response_lid>
        </presentation>
        <resprocessing>
          <outcomes>
            <decvar maxvalue="100" minvalue="0" varname="SCORE" vartype="Decimal"/>
          </outcomes>
          <respcondition continue="No">
            <conditionvar>
              <varequal respident="response1">text2qti_choice_1bb9dd31048b852e396ced6265f2e0efe922dd6ad0026a0b6369ffc3913c2667</varequal>
            </conditionvar>
            <setvar action="Set" varname="SCORE">100</setvar>
          </respcondition>
        </resprocessing>
      </item>
      <item ident="text2qti_question_93f1f91184b0a8b7a1e3c9fa2c5242d6548790af990919ca28648c3e77be925e" title="Question">
        <itemmetadata>
          <qtimetadata>
            <qtimetadatafield>
              <fieldlabel>question_type</fieldlabel>
              <fieldentry>multiple_answers_question</fieldentry>
            </qtimetadatafield>
            <qtimetadatafield>
              <fieldlabel>points_possible</fieldlabel>
              <fieldentry>1</fieldentry>
            </qtimetadatafield>
            <qtimetadatafield>
              <fieldlabel>original_answer_ids</fieldlabel>
              <fieldentry>text2qti_choice_9dbbeb93d388e6bd2a65e61eeb381d0511358974bfbfb9e7f266121ddea19a2d,text2qti_choice_0d690cf898c2faa9ebc3117fabdc61f0ca1b883f05bae6f0b0a8a92865e8269c,text2qti_choice_47fa87559ffa860276f503f33eddf2a355700a4f65d20d49a2511ff014857530,text2qti_choice_ffe53bcfd50f827d8b1d9597895f6f4f58ad859dbff46c4f2b70966a3e00a832</fieldentry>
            </qtimetadatafield>
            <qtimetadatafield>
              <fieldlabel>assessment_question_identifierref</fieldlabel>
              <fieldentry>text2qti_question_ref_93f1f91184b0a8b7a1e3c9fa2c5242d6548790af990919ca28648c3e77be925e</fieldentry>
            </qtimetadatafield>
          </qtimetadata>
        </itemmetadata>
        <presentation>
          <material>
            <mattext texttype="text/html">&lt;p&gt;Elige todas las opciones correctas. ¿Cuáles son propiedades mecánicas?&lt;/p&gt;</mattext>
          </material>
          <response_lid ident="response1" rcardinality="Multiple">
            <render_choice>
              <response_label ident="text2qti_choice_9dbbeb93d388e6bd2a65e61eeb381d0511358974bfbfb9e7f266121ddea19a2d">
                <material>
                  <mattext texttype="text/html">&lt;p&gt;Plasticidad&lt;/p&gt;</mattext>
                </material>
              </response_label>
              <response_label ident="text2qti_choice_0d690cf898c2faa9ebc3117fabdc61f0ca1b883f05bae6f0b0a8a92865e8269c">
                <material>
                  <mattext texttype="text/html">&lt;p&gt;Resistencia a la tracción&lt;/p&gt;</mattext>
                </material>
              </response_label>
              <response_label ident="text2qti_choice_47fa87559ffa860276f503f33eddf2a355700a4f65d20d49a2511ff014857530">
                <material>
                  <mattext texttype="text/html">&lt;p&gt;Reactividad química&lt;/p&gt;</mattext>
                </material>
              </response_label>
              <response_label ident="text2qti_choice_ffe53bcfd50f827d8b1d9597895f6f4f58ad859dbff46c4f2b70966a3e00a832">
                <material>
                  <mattext texttype="text/html">&lt;p&gt;Punto de fusión&lt;/p&gt;</mattext>
                </material>
              </response_label>
            </render_choice>
          </response_lid>
        </presentation>
        <resprocessing>
          <outcomes>
            <decvar maxvalue="100" minvalue="0" varname="SCORE" vartype="Decimal"/>
          </outcomes>
          <respcondition continue="No">
            <conditionvar>
              <and>
                <varequal respident="response1">text2qti_choice_9dbbeb93d388e6bd2a65e61eeb381d0511358974bfbfb9e7f266121ddea19a2d</varequal>
                <varequal respident="response1">text2qti_choice_0d690cf898c2faa9ebc3117fabdc61f0ca1b883f05bae6f0b0a8a92865e8269c</varequal>
                <not>
                  <varequal respident="response1">text2qti_choice_47fa87559ffa860276f503f33eddf2a355700a4f65d20d49a2511ff014857530</varequal>
                </not>
                <not>
                  <varequal respident="response1">text2qti_choice_ffe53bcfd50f827d8b1d9597895f6f4f58ad859dbff46c4f2b70966a3e00a832</varequal>
                </not>
              </and>
            </conditionvar>
            <setvar action="Set" varname="SCORE">100</setvar>
          </respcondition>
        </resprocessing>
      </item>
      <item ident="text2qti_question_d230db00c228395ce884f75cf11fc165836ff85ae0ec3ddb46e87042b7b8672b" title="Question">
        <itemmetadata>
          <qtimetadata>
            <qtimetadatafield>
              <fieldlabel>question_type</fieldlabel>
              <fieldentry>multiple_choice_question</fieldentry>
            </qtimetadatafield>
            <qtimetadatafield>
              <fieldlabel>points_possible</fieldlabel>
              <fieldentry>1</fieldentry>
            </qtimetadatafield>
            <qtimetadatafield>
              <fieldlabel>original_answer_ids</fieldlabel>
              <fieldentry>text2qti_choice_be0eb6341dd9376252d609fd6478537d572900fde50e4744a11bf685719f6c69,text2qti_choice_669cb9df6f13083564dcf42d95c4595722265a2e456782f53646eb53a4c91ca2,text2qti_choice_70d544239f525efee6f9ffe199bda5c78b7f45b467e0537b858954ac92f97fa5,text2qti_choice_6fdbb5ab26a863dd7719b6365ddd5bd38829006c9148d1a2465b31132ce8aedb</fieldentry>
            </qtimetadatafield>
            <qtimetadatafield>
              <fieldlabel>assessment_question_identifierref</fieldlabel>
              <fieldentry>text2qti_question_ref_d230db00c228395ce884f75cf11fc165836ff85ae0ec3ddb46e87042b7b8672b</fieldentry>
            </qtimetadatafield>
          </qtimetadata>
        </itemmetadata>
        <presentation>
          <material>
            <mattext texttype="text/html">&lt;p&gt;Selecciona la opción correcta. Las fuerzas que estiran un material se llaman:&lt;/p&gt;</mattext>
          </material>
          <response_lid ident="response1" rcardinality="Single">
            <render_choice>
              <response_label ident="text2qti_choice_be0eb6341dd9376252d609fd6478537d572900fde50e4744a11bf685719f6c69">
                <material>
                  <mattext texttype="text/html">&lt;p&gt;Fuerzas de tracción&lt;/p&gt;</mattext>
                </material>
              </response_label>
              <response_label ident="text2qti_choice_669cb9df6f13083564dcf42d95c4595722265a2e456782f53646eb53a4c91ca2">
                <material>
                  <mattext texttype="text/html">&lt;p&gt;Fuerzas de compresión&lt;/p&gt;</mattext>
                </material>
              </response_label>
              <response_label ident="text2qti_choice_70d544239f525efee6f9ffe199bda5c78b7f45b467e0537b858954ac92f97fa5">
                <material>
                  <mattext texttype="text/html">&lt;p&gt;Fuerzas de corte&lt;/p&gt;</mattext>
                </material>
              </response_label>
              <response_label ident="text2qti_choice_6fdbb5ab26a863dd7719b6365ddd5bd38829006c9148d1a2465b31132ce8aedb">
                <material>
                  <mattext texttype="text/html">&lt;p&gt;Fuerzas de torsión&lt;/p&gt;</mattext>
                </material>
              </response_label>
            </render_choice>
          </response_lid>
        </presentation>
        <resprocessing>
          <outcomes>
            <decvar maxvalue="100" minvalue="0" varname="SCORE" vartype="Decimal"/>
          </outcomes>
          <respcondition continue="No">
            <conditionvar>
              <varequal respident="response1">text2qti_choice_be0eb6341dd9376252d609fd6478537d572900fde50e4744a11bf685719f6c69</varequal>
            </conditionvar>
            <setvar action="Set" varname="SCORE">100</setvar>
          </respcondition>
        </resprocessing>
      </item>
      <item ident="text2qti_question_7bf08b1f910800bc3fd00839260da7654ca07910a56e7e9223e4f30879c8e98f" title="Question">
        <itemmetadata>
          <qtimetadata>
            <qtimetadatafield>
              <fieldlabel>question_type</fieldlabel>
              <fieldentry>short_answer_question</fieldentry>
            </qtimetadatafield>
            <qtimetadatafield>
              <fieldlabel>points_possible</fieldlabel>
              <fieldentry>1</fieldentry>
            </qtimetadatafield>
            <qtimetadatafield>
              <fieldlabel>original_answer_ids</fieldlabel>
              <fieldentry>text2qti_choice_68e254331610e7fa9370e59ae1e8ccae732416678599600b91994d3646873cd9,text2qti_choice_b185cfb235c7b2198678998ae2b63c65c9c5342e4937d83dbea4ccbc585c614f</fieldentry>
            </qtimetadatafield>
            <qtimetadatafield>
              <fieldlabel>assessment_question_identifierref</fieldlabel>
              <fieldentry>text2qti_question_ref_7bf08b1f910800bc3fd00839260da7654ca07910a56e7e9223e4f30879c8e98f</fieldentry>
            </qtimetadatafield>
          </qtimetadata>
        </itemmetadata>
        <presentation>
          <material>
            <mattext texttype="text/html">&lt;p&gt;Responde con una palabra en minúscula. ¿Cómo se llama la propiedad mecánica que indica la capacidad de deformarse permanentemente sin romperse?&lt;/p&gt;</mattext>
          </material>
          <response_str ident="response1" rcardinality="Single">
            <render_fib>
              <response_label ident="answer1" rshuffle="No"/>
            </render_fib>
          </response_str>
        </presentation>
        <resprocessing>
          <outcomes>
            <decvar maxvalue="100" minvalue="0" varname="SCORE" vartype="Decimal"/>
          </outcomes>
          <respcondition continue="No">
            <conditionvar>
              <varequal respident="response1">plasticidad</varequal>
              <varequal respident="response1">Plasticidad</varequal>
            </conditionvar>
            <setvar action="Set" varname="SCORE">100</setvar>
          </respcondition>
        </resprocessing>
      </item>
    </section>
    <section ident="text2qti_group_b1b162197bc94df203ace9dcc598363a8f94316825cd0eea300ef1e3592b6937" title="Group">
      <selection_ordering>
        <selection>
          <selection_number>1</selection_number>
          <selection_extension>
            <points_per_item>1</points_per_item>
          </selection_extension>
        </selection>
      </selection_ordering>
      <item ident="text2qti_question_c115d8d66fc7ba1062eb096049a530d185b2742353aadc30d2b632b660573d32" title="Question">
        <itemmetadata>
          <qtimetadata>
            <qtimetadatafield>
              <fieldlabel>question_type</fieldlabel>
              <fieldentry>multiple_answers_question</fieldentry>
            </qtimetadatafield>
            <qtimetadatafield>
              <fieldlabel>points_possible</fieldlabel>
              <fieldentry>1</fieldentry>
            </qtimetadatafield>
            <qtimetadatafield>
              <fieldlabel>original_answer_ids</fieldlabel>
              <fieldentry>text2qti_choice_67efe8af2fe1e9172e8ea4eab162aaca8b98600496510cbfad9522229afc24a5,text2qti_choice_a33916b4690a9bf4765c08282cae0d39facc5b192d45e645e36bfc65e18535e1,text2qti_choice_9fe253530e884a809a7d7588e349fc2ec95b15d64a04beb22d18e323c3502788,text2qti_choice_a05afb78fdfb04167705551e0d67c0b46d942566f6734d21f98b622a95310b44</fieldentry>
            </qtimetadatafield>
            <qtimetadatafield>
              <fieldlabel>assessment_question_identifierref</fieldlabel>
              <fieldentry>text2qti_question_ref_c115d8d66fc7ba1062eb096049a530d185b2742353aadc30d2b632b660573d32</fieldentry>
            </qtimetadatafield>
          </qtimetadata>
        </itemmetadata>
        <presentation>
          <material>
            <mattext texttype="text/html">&lt;p&gt;Elige todas las opciones correctas. En la selección de materiales influyen:&lt;/p&gt;</mattext>
          </material>
          <response_lid ident="response1" rcardinality="Multiple">
            <render_choice>
              <response_label ident="text2qti_choice_67efe8af2fe1e9172e8ea4eab162aaca8b98600496510cbfad9522229afc24a5">
                <material>
                  <mattext texttype="text/html">&lt;p&gt;Requerimientos mecánicos&lt;/p&gt;</mattext>
                </material>
              </response_label>
              <response_label ident="text2qti_choice_a33916b4690a9bf4765c08282cae0d39facc5b192d45e645e36bfc65e18535e1">
                <material>
                  <mattext texttype="text/html">&lt;p&gt;Costo y disponibilidad&lt;/p&gt;</mattext>
                </material>
              </response_label>
              <response_label ident="text2qti_choice_9fe253530e884a809a7d7588e349fc2ec95b15d64a04beb22d18e323c3502788">
                <material>
                  <mattext texttype="text/html">&lt;p&gt;Nombre comercial&lt;/p&gt;</mattext>
                </material>
              </response_label>
              <response_label ident="text2qti_choice_a05afb78fdfb04167705551e0d67c0b46d942566f6734d21f98b622a95310b44">
                <material>
                  <mattext texttype="text/html">&lt;p&gt;Color de la pintura&lt;/p&gt;</mattext>
                </material>
              </response_label>
            </render_choice>
          </response_lid>
        </presentation>
        <resprocessing>
          <outcomes>
            <decvar maxvalue="100" minvalue="0" varname="SCORE" vartype="Decimal"/>
          </outcomes>
          <respcondition continue="No">
            <conditionvar>
              <and>
                <varequal respident="response1">text2qti_choice_67efe8af2fe1e9172e8ea4eab162aaca8b98600496510cbfad9522229afc24a5</varequal>
                <varequal respident="response1">text2qti_choice_a33916b4690a9bf4765c08282cae0d39facc5b192d45e645e36bfc65e18535e1</varequal>
                <not>
                  <varequal respident="response1">text2qti_choice_9fe253530e884a809a7d7588e349fc2ec95b15d64a04beb22d18e323c3502788</varequal>
                </not>
                <not>
                  <varequal respident="response1">text2qti_choice_a05afb78fdfb04167705551e0d67c0b46d942566f6734d21f98b622a95310b44</varequal>
                </not>
              </and>
            </conditionvar>
            <setvar action="Set" varname="SCORE">100</setvar>
          </respcondition>
        </resprocessing>
      </item>
      <item ident="text2qti_question_87fe07d1fed9cb408942fa858f596873131a34c273d6f216b5d9a02973f81844" title="Question">
        <itemmetadata>
          <qtimetadata>
            <qtimetadatafield>
              <fieldlabel>question_type</fieldlabel>
              <fieldentry>multiple_choice_question</fieldentry>
            </qtimetadatafield>
            <qtimetadatafield>
              <fieldlabel>points_possible</fieldlabel>
              <fieldentry>1</fieldentry>
            </qtimetadatafield>
            <qtimetadatafield>
              <fieldlabel>original_answer_ids</fieldlabel>
              <fieldentry>text2qti_choice_08b19f522260ac1650120a2020fa124c06430ac189f6f39334310ba141a5e5ea,text2qti_choice_8b24482b18820118efb8dc1694d843c5463ed673660b889b19c642d5bf910710,text2qti_choice_7a19e38b6a73daccb3fe62460729e7f588e065a43adcce923cea4f90c6ae81a2,text2qti_choice_6c4844d67df275ac9cf0d21fe87480915516a1582a25cad583dbf988edbe4e1f</fieldentry>
            </qtimetadatafield>
            <qtimetadatafield>
              <fieldlabel>assessment_question_identifierref</fieldlabel>
              <fieldentry>text2qti_question_ref_87fe07d1fed9cb408942fa858f596873131a34c273d6f216b5d9a02973f81844</fieldentry>
            </qtimetadatafield>
          </qtimetadata>
        </itemmetadata>
        <presentation>
          <material>
            <mattext texttype="text/html">&lt;p&gt;Selecciona la opción correcta. ¿Por qué se usa aluminio en carcasas y piezas livianas?&lt;/p&gt;</mattext>
          </material>
          <response_lid ident="response1" rcardinality="Single">
            <render_choice>
              <response_label ident="text2qti_choice_08b19f522260ac1650120a2020fa124c06430ac189f6f39334310ba141a5e5ea">
                <material>
                  <mattext texttype="text/html">&lt;p&gt;Por su resistencia a la corrosión y bajo peso&lt;/p&gt;</mattext>
                </material>
              </response_label>
              <response_label ident="text2qti_choice_8b24482b18820118efb8dc1694d843c5463ed673660b889b19c642d5bf910710">
                <material>
                  <mattext texttype="text/html">&lt;p&gt;Por su gran tenacidad&lt;/p&gt;</mattext>
                </material>
              </response_label>
              <response_label ident="text2qti_choice_7a19e38b6a73daccb3fe62460729e7f588e065a43adcce923cea4f90c6ae81a2">
                <material>
                  <mattext texttype="text/html">&lt;p&gt;Por su alta fragilidad&lt;/p&gt;</mattext>
                </material>
              </response_label>
              <response_label ident="text2qti_choice_6c4844d67df275ac9cf0d21fe87480915516a1582a25cad583dbf988edbe4e1f">
                <material>
                  <mattext texttype="text/html">&lt;p&gt;Por su baja conductividad eléctrica&lt;/p&gt;</mattext>
                </material>
              </response_label>
            </render_choice>
          </response_lid>
        </presentation>
        <resprocessing>
          <outcomes>
            <decvar maxvalue="100" minvalue="0" varname="SCORE" vartype="Decimal"/>
          </outcomes>
          <respcondition continue="No">
            <conditionvar>
              <varequal respident="response1">text2qti_choice_08b19f522260ac1650120a2020fa124c06430ac189f6f39334310ba141a5e5ea</varequal>
            </conditionvar>
            <setvar action="Set" varname="SCORE">100</setvar>
          </respcondition>
        </resprocessing>
      </item>
      <item ident="text2qti_question_0e1a4df2c8a8d28702e22794ba25e1408bf904a9acee8867e23189231b3cb9cc" title="Question">
        <itemmetadata>
          <qtimetadata>
            <qtimetadatafield>
              <fieldlabel>question_type</fieldlabel>
              <fieldentry>short_answer_question</fieldentry>
            </qtimetadatafield>
            <qtimetadatafield>
              <fieldlabel>points_possible</fieldlabel>
              <fieldentry>1</fieldentry>
            </qtimetadatafield>
            <qtimetadatafield>
              <fieldlabel>original_answer_ids</fieldlabel>
              <fieldentry>text2qti_choice_fb723492b0ffde5d91ab64e9f4690e9dbaa542e5a6d9e6e010aaab4fafd6e391,text2qti_choice_fec2f79e9e21893dac95e8a3094ceb240f707cf799c4d0d3db0e4f888432db4c</fieldentry>
            </qtimetadatafield>
            <qtimetadatafield>
              <fieldlabel>assessment_question_identifierref</fieldlabel>
              <fieldentry>text2qti_question_ref_0e1a4df2c8a8d28702e22794ba25e1408bf904a9acee8867e23189231b3cb9cc</fieldentry>
            </qtimetadatafield>
          </qtimetadata>
        </itemmetadata>
        <presentation>
          <material>
            <mattext texttype="text/html">&lt;p&gt;Responde con una palabra. ¿Qué material se utiliza para bujes y cojinetes por su baja fricción?&lt;/p&gt;</mattext>
          </material>
          <response_str ident="response1" rcardinality="Single">
            <render_fib>
              <response_label ident="answer1" rshuffle="No"/>
            </render_fib>
          </response_str>
        </presentation>
        <resprocessing>
          <outcomes>
            <decvar maxvalue="100" minvalue="0" varname="SCORE" vartype="Decimal"/>
          </outcomes>
          <respcondition continue="No">
            <conditionvar>
              <varequal respident="response1">bronce</varequal>
              <varequal respident="response1">Bronce</varequal>
            </conditionvar>
            <setvar action="Set" varname="SCORE">100</setvar>
          </respcondition>
        </resprocessing>
      </item>
      <item ident="text2qti_question_aa7e3f73894788cda5bc20cef3211df80a9c8730c239f962deb13272c05ea335" title="Question">
        <itemmetadata>
          <qtimetadata>
            <qtimetadatafield>
              <fieldlabel>question_type</fieldlabel>
              <fieldentry>multiple_choice_question</fieldentry>
            </qtimetadatafield>
            <qtimetadatafield>
              <fieldlabel>points_possible</fieldlabel>
              <fieldentry>1</fieldentry>
            </qtimetadatafield>
            <qtimetadatafield>
              <fieldlabel>original_answer_ids</fieldlabel>
              <fieldentry>text2qti_choice_2064629da6ea282b341e0287b343c71bbdcd865f3c4ecbc3c037b5a093d5e64f,text2qti_choice_ac5bfbea7291e54b987d23947dbac228301b3636c2f72f4b2ee577ca26075760,text2qti_choice_71c318acde41145a97dc95e2bf7b9d0ceed3778b21037c454146ea2cb1927b08,text2qti_choice_7ba180ea027acc7e6ea1f4a9a967834f39e62ad82c9671abad337e22026ae4b6</fieldentry>
            </qtimetadatafield>
            <qtimetadatafield>
              <fieldlabel>assessment_question_identifierref</fieldlabel>
              <fieldentry>text2qti_question_ref_aa7e3f73894788cda5bc20cef3211df80a9c8730c239f962deb13272c05ea335</fieldentry>
            </qtimetadatafield>
          </qtimetadata>
        </itemmetadata>
        <presentation>
          <material>
            <mattext texttype="text/html">&lt;p&gt;Selecciona la opción correcta ¿De qué material harías un engranaje de una caja de cambios que debe soportar fuerzas importantes?&lt;/p&gt;</mattext>
          </material>
          <response_lid ident="response1" rcardinality="Single">
            <render_choice>
              <response_label ident="text2qti_choice_2064629da6ea282b341e0287b343c71bbdcd865f3c4ecbc3c037b5a093d5e64f">
                <material>
                  <mattext texttype="text/html">&lt;p&gt;Acero aleado&lt;/p&gt;</mattext>
                </material>
              </response_label>
              <response_label ident="text2qti_choice_ac5bfbea7291e54b987d23947dbac228301b3636c2f72f4b2ee577ca26075760">
                <material>
                  <mattext texttype="text/html">&lt;p&gt;Cobre&lt;/p&gt;</mattext>
                </material>
              </response_label>
              <response_label ident="text2qti_choice_71c318acde41145a97dc95e2bf7b9d0ceed3778b21037c454146ea2cb1927b08">
                <material>
                  <mattext texttype="text/html">&lt;p&gt;Aluminio&lt;/p&gt;</mattext>
                </material>
              </response_label>
              <response_label ident="text2qti_choice_7ba180ea027acc7e6ea1f4a9a967834f39e62ad82c9671abad337e22026ae4b6">
                <material>
                  <mattext texttype="text/html">&lt;p&gt;Bronce&lt;/p&gt;</mattext>
                </material>
              </response_label>
            </render_choice>
          </response_lid>
        </presentation>
        <resprocessing>
          <outcomes>
            <decvar maxvalue="100" minvalue="0" varname="SCORE" vartype="Decimal"/>
          </outcomes>
          <respcondition continue="No">
            <conditionvar>
              <varequal respident="response1">text2qti_choice_2064629da6ea282b341e0287b343c71bbdcd865f3c4ecbc3c037b5a093d5e64f</varequal>
            </conditionvar>
            <setvar action="Set" varname="SCORE">100</setvar>
          </respcondition>
        </resprocessing>
      </item>
      <item ident="text2qti_question_0f329bf7c62cc972614d453545b3e0f29bb61e1ca4af16a070a0b842e6c62def" title="Question">
        <itemmetadata>
          <qtimetadata>
            <qtimetadatafield>
              <fieldlabel>question_type</fieldlabel>
              <fieldentry>multiple_choice_question</fieldentry>
            </qtimetadatafield>
            <qtimetadatafield>
              <fieldlabel>points_possible</fieldlabel>
              <fieldentry>1</fieldentry>
            </qtimetadatafield>
            <qtimetadatafield>
              <fieldlabel>original_answer_ids</fieldlabel>
              <fieldentry>text2qti_choice_ef9e7a5cee7171de943e0e4496022846a3e60642541b69c117cfbbd91748986c,text2qti_choice_dc5ebb2afedae14a9b2631937b15440d4ac268e91deec6da1b8349a23336be55,text2qti_choice_713c1c90f654b0c0953eef77a8db9f0359c61ed5fab5ba780f2cce6202b29efd,text2qti_choice_725fa1afbc34fc5da807ebafb14edc088d045e6855cae86ac47f07c684a21882</fieldentry>
            </qtimetadatafield>
            <qtimetadatafield>
              <fieldlabel>assessment_question_identifierref</fieldlabel>
              <fieldentry>text2qti_question_ref_0f329bf7c62cc972614d453545b3e0f29bb61e1ca4af16a070a0b842e6c62def</fieldentry>
            </qtimetadatafield>
          </qtimetadata>
        </itemmetadata>
        <presentation>
          <material>
            <mattext texttype="text/html">&lt;p&gt;Selecciona la opción correcta ¿De qué material harías el eje del torno donde va montado el plato y que soporta fuerzas de torsión sin deformarse?&lt;/p&gt;</mattext>
          </material>
          <response_lid ident="response1" rcardinality="Single">
            <render_choice>
              <response_label ident="text2qti_choice_ef9e7a5cee7171de943e0e4496022846a3e60642541b69c117cfbbd91748986c">
                <material>
                  <mattext texttype="text/html">&lt;p&gt;Acero aleado&lt;/p&gt;</mattext>
                </material>
              </response_label>
              <response_label ident="text2qti_choice_dc5ebb2afedae14a9b2631937b15440d4ac268e91deec6da1b8349a23336be55">
                <material>
                  <mattext texttype="text/html">&lt;p&gt;Cobre&lt;/p&gt;</mattext>
                </material>
              </response_label>
              <response_label ident="text2qti_choice_713c1c90f654b0c0953eef77a8db9f0359c61ed5fab5ba780f2cce6202b29efd">
                <material>
                  <mattext texttype="text/html">&lt;p&gt;Aluminio&lt;/p&gt;</mattext>
                </material>
              </response_label>
              <response_label ident="text2qti_choice_725fa1afbc34fc5da807ebafb14edc088d045e6855cae86ac47f07c684a21882">
                <material>
                  <mattext texttype="text/html">&lt;p&gt;Bronce&lt;/p&gt;</mattext>
                </material>
              </response_label>
            </render_choice>
          </response_lid>
        </presentation>
        <resprocessing>
          <outcomes>
            <decvar maxvalue="100" minvalue="0" varname="SCORE" vartype="Decimal"/>
          </outcomes>
          <respcondition continue="No">
            <conditionvar>
              <varequal respident="response1">text2qti_choice_ef9e7a5cee7171de943e0e4496022846a3e60642541b69c117cfbbd91748986c</varequal>
            </conditionvar>
            <setvar action="Set" varname="SCORE">100</setvar>
          </respcondition>
        </resprocessing>
      </item>
    </section>
    <section ident="text2qti_group_5e6a02bc97e9c25f5dab936c7a400cb03833e1a446310627b154a24a3581e32a" title="Group">
      <selection_ordering>
        <selection>
          <selection_number>1</selection_number>
          <selection_extension>
            <points_per_item>1</points_per_item>
          </selection_extension>
        </selection>
      </selection_ordering>
      <item ident="text2qti_question_22db5d6323ced098de7d05de89c0f1a9c85ca17e98ab913601f94d411f5dec06" title="Question">
        <itemmetadata>
          <qtimetadata>
            <qtimetadatafield>
              <fieldlabel>question_type</fieldlabel>
              <fieldentry>multiple_choice_question</fieldentry>
            </qtimetadatafield>
            <qtimetadatafield>
              <fieldlabel>points_possible</fieldlabel>
              <fieldentry>1</fieldentry>
            </qtimetadatafield>
            <qtimetadatafield>
              <fieldlabel>original_answer_ids</fieldlabel>
              <fieldentry>text2qti_choice_e6174e58796c0ae3ed7e562eff455a973be72193647f4cda4c09c0390346cd54,text2qti_choice_ed51571a71897b4b0f82498b2a27e3c8f849d3e2fac5d3298df3da4361e0228c,text2qti_choice_f0f985e69720b057effb14afce438f5d94cfc338d38d601ab486f347eb719fb1,text2qti_choice_be5b368aa05d89ef52069fe614573e033b899391a5bf01876f6475ecd18ad282</fieldentry>
            </qtimetadatafield>
            <qtimetadatafield>
              <fieldlabel>assessment_question_identifierref</fieldlabel>
              <fieldentry>text2qti_question_ref_22db5d6323ced098de7d05de89c0f1a9c85ca17e98ab913601f94d411f5dec06</fieldentry>
            </qtimetadatafield>
          </qtimetadata>
        </itemmetadata>
        <presentation>
          <material>
            <mattext texttype="text/html">&lt;p&gt;Select the correct option. Which of the following is a mechanical property?&lt;/p&gt;</mattext>
          </material>
          <response_lid ident="response1" rcardinality="Single">
            <render_choice>
              <response_label ident="text2qti_choice_e6174e58796c0ae3ed7e562eff455a973be72193647f4cda4c09c0390346cd54">
                <material>
                  <mattext texttype="text/html">&lt;p&gt;Tensile strength&lt;/p&gt;</mattext>
                </material>
              </response_label>
              <response_label ident="text2qti_choice_ed51571a71897b4b0f82498b2a27e3c8f849d3e2fac5d3298df3da4361e0228c">
                <material>
                  <mattext texttype="text/html">&lt;p&gt;Color&lt;/p&gt;</mattext>
                </material>
              </response_label>
              <response_label ident="text2qti_choice_f0f985e69720b057effb14afce438f5d94cfc338d38d601ab486f347eb719fb1">
                <material>
                  <mattext texttype="text/html">&lt;p&gt;Resistance to oxidation&lt;/p&gt;</mattext>
                </material>
              </response_label>
              <response_label ident="text2qti_choice_be5b368aa05d89ef52069fe614573e033b899391a5bf01876f6475ecd18ad282">
                <material>
                  <mattext texttype="text/html">&lt;p&gt;Electrical conductivity&lt;/p&gt;</mattext>
                </material>
              </response_label>
            </render_choice>
          </response_lid>
        </presentation>
        <resprocessing>
          <outcomes>
            <decvar maxvalue="100" minvalue="0" varname="SCORE" vartype="Decimal"/>
          </outcomes>
          <respcondition continue="No">
            <conditionvar>
              <varequal respident="response1">text2qti_choice_e6174e58796c0ae3ed7e562eff455a973be72193647f4cda4c09c0390346cd54</varequal>
            </conditionvar>
            <setvar action="Set" varname="SCORE">100</setvar>
          </respcondition>
        </resprocessing>
      </item>
      <item ident="text2qti_question_b85e654630b391c85d832dafd806b85a62bebd7589d959c9fbe8b0213a229d5c" title="Question">
        <itemmetadata>
          <qtimetadata>
            <qtimetadatafield>
              <fieldlabel>question_type</fieldlabel>
              <fieldentry>multiple_choice_question</fieldentry>
            </qtimetadatafield>
            <qtimetadatafield>
              <fieldlabel>points_possible</fieldlabel>
              <fieldentry>1</fieldentry>
            </qtimetadatafield>
            <qtimetadatafield>
              <fieldlabel>original_answer_ids</fieldlabel>
              <fieldentry>text2qti_choice_ca0cdf5f93f2642db497bf2c3cc42461ea826a676c3af26cd326855ecf64b7f8,text2qti_choice_d1ec5b8a9bfaaafad84e4c125742c8c98cf5c475da942ccb37e5ddbebf600196,text2qti_choice_2115f6a1dce7c3eab4d664a3b5c0bfc9b15c71e19e927a4324e1c20a00b1f57c,text2qti_choice_445028dff4fe3d86f72cae86dce9dc8a773b653ef7f37c62561901dbf6f72f3e</fieldentry>
            </qtimetadatafield>
            <qtimetadatafield>
              <fieldlabel>assessment_question_identifierref</fieldlabel>
              <fieldentry>text2qti_question_ref_b85e654630b391c85d832dafd806b85a62bebd7589d959c9fbe8b0213a229d5c</fieldentry>
            </qtimetadatafield>
          </qtimetadata>
        </itemmetadata>
        <presentation>
          <material>
            <mattext texttype="text/html">&lt;p&gt;What does &amp;ldquo;hardness&amp;rdquo; measure in materials?&lt;/p&gt;</mattext>
          </material>
          <response_lid ident="response1" rcardinality="Single">
            <render_choice>
              <response_label ident="text2qti_choice_ca0cdf5f93f2642db497bf2c3cc42461ea826a676c3af26cd326855ecf64b7f8">
                <material>
                  <mattext texttype="text/html">&lt;p&gt;Resistance to being penetrated&lt;/p&gt;</mattext>
                </material>
              </response_label>
              <response_label ident="text2qti_choice_d1ec5b8a9bfaaafad84e4c125742c8c98cf5c475da942ccb37e5ddbebf600196">
                <material>
                  <mattext texttype="text/html">&lt;p&gt;Ability to conduct electricity&lt;/p&gt;</mattext>
                </material>
              </response_label>
              <response_label ident="text2qti_choice_2115f6a1dce7c3eab4d664a3b5c0bfc9b15c71e19e927a4324e1c20a00b1f57c">
                <material>
                  <mattext texttype="text/html">&lt;p&gt;Flexibility under bending forces&lt;/p&gt;</mattext>
                </material>
              </response_label>
              <response_label ident="text2qti_choice_445028dff4fe3d86f72cae86dce9dc8a773b653ef7f37c62561901dbf6f72f3e">
                <material>
                  <mattext texttype="text/html">&lt;p&gt;Capacity to absorb water&lt;/p&gt;</mattext>
                </material>
              </response_label>
            </render_choice>
          </response_lid>
        </presentation>
        <resprocessing>
          <outcomes>
            <decvar maxvalue="100" minvalue="0" varname="SCORE" vartype="Decimal"/>
          </outcomes>
          <respcondition continue="No">
            <conditionvar>
              <varequal respident="response1">text2qti_choice_ca0cdf5f93f2642db497bf2c3cc42461ea826a676c3af26cd326855ecf64b7f8</varequal>
            </conditionvar>
            <setvar action="Set" varname="SCORE">100</setvar>
          </respcondition>
        </resprocessing>
      </item>
    </section>
    </section>
  </assessment>
</questestinterop>
