<?xml version="1.0" encoding="UTF-8"?>
<questestinterop xmlns="http://www.imsglobal.org/xsd/ims_qtiasiv1p2" xmlns:xsi="http://www.w3.org/2001/XMLSchema-instance" xsi:schemaLocation="http://www.imsglobal.org/xsd/ims_qtiasiv1p2 http://www.imsglobal.org/xsd/ims_qtiasiv1p2p1.xsd">
  <assessment ident="text2qti_assessment_5bc0c5a1ed707e1049bf0396d11eea19b1bc7e08d1ca3b0f49ef662501c3f024" title="Ejercicio interactivo sobre procesos de conformado en metal">
    <qtimetadata>
      <qtimetadatafield>
        <fieldlabel>cc_maxattempts</fieldlabel>
        <fieldentry>1</fieldentry>
      </qtimetadatafield>
    </qtimetadata>
    <section ident="root_section">
      <item ident="text2qti_text_ff4f01be4c9e3b4d00043d463a25acf3a9f689069419dad9e07afc22afe3ee92" title="Moldeo">
        <itemmetadata>
          <qtimetadata>
            <qtimetadatafield>
              <fieldlabel>question_type</fieldlabel>
              <fieldentry>text_only_question</fieldentry>
            </qtimetadatafield>
            <qtimetadatafield>
              <fieldlabel>points_possible</fieldlabel>
              <fieldentry>0</fieldentry>
            </qtimetadatafield>
            <qtimetadatafield>
              <fieldlabel>original_answer_ids</fieldlabel>
              <fieldentry></fieldentry>
            </qtimetadatafield>
            <qtimetadatafield>
              <fieldlabel>assessment_question_identifierref</fieldlabel>
              <fieldentry>text2qti_question_ref_ff4f01be4c9e3b4d00043d463a25acf3a9f689069419dad9e07afc22afe3ee92</fieldentry>
            </qtimetadatafield>
          </qtimetadata>
        </itemmetadata>
        <presentation>
          <material>
            <mattext texttype="text/html"></mattext>
          </material>
        </presentation>
      </item>
    <section ident="text2qti_group_8ceaa56f46014c0a444fcecc5d061066423f763c4f6b05efec1d45c3d26ef4d9" title="Group">
      <selection_ordering>
        <selection>
          <selection_number>2</selection_number>
          <selection_extension>
            <points_per_item>1</points_per_item>
          </selection_extension>
        </selection>
      </selection_ordering>
      <item ident="text2qti_question_1bca681f4498936ca2c6f94aacd27863d1e06aeebceff0ece56a1c6ad1ec26bd" title="Question">
        <itemmetadata>
          <qtimetadata>
            <qtimetadatafield>
              <fieldlabel>question_type</fieldlabel>
              <fieldentry>multiple_choice_question</fieldentry>
            </qtimetadatafield>
            <qtimetadatafield>
              <fieldlabel>points_possible</fieldlabel>
              <fieldentry>1</fieldentry>
            </qtimetadatafield>
            <qtimetadatafield>
              <fieldlabel>original_answer_ids</fieldlabel>
              <fieldentry>text2qti_choice_c57b5af538b9b5301207257314a316ec9baf73d45d3958c04e92d52c480c15f1,text2qti_choice_daf4fd5be269826f4715394afe77bcc5a296f4225a0950a254fbfca4157dfa74,text2qti_choice_a8f9dcdd6a3e96c1ab5f7c267e29627138aec15cd9277dcb6fb36a6c209a7381,text2qti_choice_4f7ceb558361cf9fad9f7502a36c817a0ca551eab2fe510a15b59288f0e6967e</fieldentry>
            </qtimetadatafield>
            <qtimetadatafield>
              <fieldlabel>assessment_question_identifierref</fieldlabel>
              <fieldentry>text2qti_question_ref_1bca681f4498936ca2c6f94aacd27863d1e06aeebceff0ece56a1c6ad1ec26bd</fieldentry>
            </qtimetadatafield>
          </qtimetadata>
        </itemmetadata>
        <presentation>
          <material>
            <mattext texttype="text/html">&lt;p&gt;Selecciona la opción correcta. ¿Qué caracteriza al proceso de moldeo de metales?&lt;/p&gt;</mattext>
          </material>
          <response_lid ident="response1" rcardinality="Single">
            <render_choice>
              <response_label ident="text2qti_choice_c57b5af538b9b5301207257314a316ec9baf73d45d3958c04e92d52c480c15f1">
                <material>
                  <mattext texttype="text/html">&lt;p&gt;Deformación en estado sólido mediante presión&lt;/p&gt;</mattext>
                </material>
              </response_label>
              <response_label ident="text2qti_choice_daf4fd5be269826f4715394afe77bcc5a296f4225a0950a254fbfca4157dfa74">
                <material>
                  <mattext texttype="text/html">&lt;p&gt;Fundición del metal y solidificación en un molde&lt;/p&gt;</mattext>
                </material>
              </response_label>
              <response_label ident="text2qti_choice_a8f9dcdd6a3e96c1ab5f7c267e29627138aec15cd9277dcb6fb36a6c209a7381">
                <material>
                  <mattext texttype="text/html">&lt;p&gt;Estiramiento del metal por orificios&lt;/p&gt;</mattext>
                </material>
              </response_label>
              <response_label ident="text2qti_choice_4f7ceb558361cf9fad9f7502a36c817a0ca551eab2fe510a15b59288f0e6967e">
                <material>
                  <mattext texttype="text/html">&lt;p&gt;Paso del metal a través de una matriz&lt;/p&gt;</mattext>
                </material>
              </response_label>
            </render_choice>
          </response_lid>
        </presentation>
        <resprocessing>
          <outcomes>
            <decvar maxvalue="100" minvalue="0" varname="SCORE" vartype="Decimal"/>
          </outcomes>
          <respcondition continue="No">
            <conditionvar>
              <varequal respident="response1">text2qti_choice_daf4fd5be269826f4715394afe77bcc5a296f4225a0950a254fbfca4157dfa74</varequal>
            </conditionvar>
            <setvar action="Set" varname="SCORE">100</setvar>
          </respcondition>
        </resprocessing>
      </item>
      <item ident="text2qti_question_99169869a78de3fdc33eade206757fcdab064e889664044759ef31706ea4a423" title="Question">
        <itemmetadata>
          <qtimetadata>
            <qtimetadatafield>
              <fieldlabel>question_type</fieldlabel>
              <fieldentry>multiple_answers_question</fieldentry>
            </qtimetadatafield>
            <qtimetadatafield>
              <fieldlabel>points_possible</fieldlabel>
              <fieldentry>1</fieldentry>
            </qtimetadatafield>
            <qtimetadatafield>
              <fieldlabel>original_answer_ids</fieldlabel>
              <fieldentry>text2qti_choice_051678075e8899ba1aaf1abcaf2ad159d04a49badb5aa9017cd732b93e5d19ee,text2qti_choice_ac4f873bb09efdf740f2ae3cea8296b41109b3af021e122de9da3eb954228108,text2qti_choice_7cc8592bde0e1a429953136559d55d4ce63287dc5484c96caf8eeb4b10512c0d,text2qti_choice_df8a813c8b727b1f31235fa0eeadb6cde74e8ba7fa009c9a37b281697ac4ac9a</fieldentry>
            </qtimetadatafield>
            <qtimetadatafield>
              <fieldlabel>assessment_question_identifierref</fieldlabel>
              <fieldentry>text2qti_question_ref_99169869a78de3fdc33eade206757fcdab064e889664044759ef31706ea4a423</fieldentry>
            </qtimetadatafield>
          </qtimetadata>
        </itemmetadata>
        <presentation>
          <material>
            <mattext texttype="text/html">&lt;p&gt;Elige todas las opciones correctas. ¿Qué ventajas ofrece el moldeo de piezas metálicas?&lt;/p&gt;</mattext>
          </material>
          <response_lid ident="response1" rcardinality="Multiple">
            <render_choice>
              <response_label ident="text2qti_choice_051678075e8899ba1aaf1abcaf2ad159d04a49badb5aa9017cd732b93e5d19ee">
                <material>
                  <mattext texttype="text/html">&lt;p&gt;Permite fabricar formas complejas&lt;/p&gt;</mattext>
                </material>
              </response_label>
              <response_label ident="text2qti_choice_ac4f873bb09efdf740f2ae3cea8296b41109b3af021e122de9da3eb954228108">
                <material>
                  <mattext texttype="text/html">&lt;p&gt;Incrementa la resistencia mecánica significativamente&lt;/p&gt;</mattext>
                </material>
              </response_label>
              <response_label ident="text2qti_choice_7cc8592bde0e1a429953136559d55d4ce63287dc5484c96caf8eeb4b10512c0d">
                <material>
                  <mattext texttype="text/html">&lt;p&gt;Facilita la producción de piezas grandes&lt;/p&gt;</mattext>
                </material>
              </response_label>
              <response_label ident="text2qti_choice_df8a813c8b727b1f31235fa0eeadb6cde74e8ba7fa009c9a37b281697ac4ac9a">
                <material>
                  <mattext texttype="text/html">&lt;p&gt;Mejora la estructura interna del metal&lt;/p&gt;</mattext>
                </material>
              </response_label>
            </render_choice>
          </response_lid>
        </presentation>
        <resprocessing>
          <outcomes>
            <decvar maxvalue="100" minvalue="0" varname="SCORE" vartype="Decimal"/>
          </outcomes>
          <respcondition continue="No">
            <conditionvar>
              <and>
                <varequal respident="response1">text2qti_choice_051678075e8899ba1aaf1abcaf2ad159d04a49badb5aa9017cd732b93e5d19ee</varequal>
                <not>
                  <varequal respident="response1">text2qti_choice_ac4f873bb09efdf740f2ae3cea8296b41109b3af021e122de9da3eb954228108</varequal>
                </not>
                <varequal respident="response1">text2qti_choice_7cc8592bde0e1a429953136559d55d4ce63287dc5484c96caf8eeb4b10512c0d</varequal>
                <not>
                  <varequal respident="response1">text2qti_choice_df8a813c8b727b1f31235fa0eeadb6cde74e8ba7fa009c9a37b281697ac4ac9a</varequal>
                </not>
              </and>
            </conditionvar>
            <setvar action="Set" varname="SCORE">100</setvar>
          </respcondition>
        </resprocessing>
      </item>
      <item ident="text2qti_question_07185fa5ef19a33bd751f67da6ad02495851f62bfd665666c50639abc2f9ba87" title="Question">
        <itemmetadata>
          <qtimetadata>
            <qtimetadatafield>
              <fieldlabel>question_type</fieldlabel>
              <fieldentry>short_answer_question</fieldentry>
            </qtimetadatafield>
            <qtimetadatafield>
              <fieldlabel>points_possible</fieldlabel>
              <fieldentry>1</fieldentry>
            </qtimetadatafield>
            <qtimetadatafield>
              <fieldlabel>original_answer_ids</fieldlabel>
              <fieldentry>text2qti_choice_48432b00db89ac3361ea922fe6267f780b1df82bdacbf162783ec9b050ed3eba,text2qti_choice_86e0d0c208dbe482fd2f6c30d7f0d14cfa2b2b8ccedd32cffe821b275367054b</fieldentry>
            </qtimetadatafield>
            <qtimetadatafield>
              <fieldlabel>assessment_question_identifierref</fieldlabel>
              <fieldentry>text2qti_question_ref_07185fa5ef19a33bd751f67da6ad02495851f62bfd665666c50639abc2f9ba87</fieldentry>
            </qtimetadatafield>
          </qtimetadata>
        </itemmetadata>
        <presentation>
          <material>
            <mattext texttype="text/html">&lt;p&gt;Completa con una sola palabra en minúscula, en plural: Un posible defecto en las piezas moldeadas es la presencia de _____&lt;/p&gt;</mattext>
          </material>
          <response_str ident="response1" rcardinality="Single">
            <render_fib>
              <response_label ident="answer1" rshuffle="No"/>
            </render_fib>
          </response_str>
        </presentation>
        <resprocessing>
          <outcomes>
            <decvar maxvalue="100" minvalue="0" varname="SCORE" vartype="Decimal"/>
          </outcomes>
          <respcondition continue="No">
            <conditionvar>
              <varequal respident="response1">Porosidades</varequal>
              <varequal respident="response1">porosidades</varequal>
            </conditionvar>
            <setvar action="Set" varname="SCORE">100</setvar>
          </respcondition>
        </resprocessing>
      </item>
      <item ident="text2qti_question_d423fe849ea037cb31d08bb40c9a89aa778d579dbcba5c4461fa000d29ed7a5a" title="Question">
        <itemmetadata>
          <qtimetadata>
            <qtimetadatafield>
              <fieldlabel>question_type</fieldlabel>
              <fieldentry>multiple_choice_question</fieldentry>
            </qtimetadatafield>
            <qtimetadatafield>
              <fieldlabel>points_possible</fieldlabel>
              <fieldentry>1</fieldentry>
            </qtimetadatafield>
            <qtimetadatafield>
              <fieldlabel>original_answer_ids</fieldlabel>
              <fieldentry>text2qti_choice_55543129c586f89885726dffc1d1aeb0767c2cd6fe54e01ea1a47aae5253aa5b,text2qti_choice_a835a47549082de3a8cbc5c20ea1ec4b0c54588dc352dc9cdcf8022e5453ff9f,text2qti_choice_e24dc87c58eec79115ccc10079decd61e4fd0ee9234a2e107626865a7623c02f,text2qti_choice_1f7fae2520bc00394ca5db2262d9e918389fe960ee07a50e880c7970dffef3c4</fieldentry>
            </qtimetadatafield>
            <qtimetadatafield>
              <fieldlabel>assessment_question_identifierref</fieldlabel>
              <fieldentry>text2qti_question_ref_d423fe849ea037cb31d08bb40c9a89aa778d579dbcba5c4461fa000d29ed7a5a</fieldentry>
            </qtimetadatafield>
          </qtimetadata>
        </itemmetadata>
        <presentation>
          <material>
            <mattext texttype="text/html">&lt;p&gt;Selecciona la opción correcta. Una de las limitaciones del moldeo es:&lt;/p&gt;</mattext>
          </material>
          <response_lid ident="response1" rcardinality="Single">
            <render_choice>
              <response_label ident="text2qti_choice_55543129c586f89885726dffc1d1aeb0767c2cd6fe54e01ea1a47aae5253aa5b">
                <material>
                  <mattext texttype="text/html">&lt;p&gt;Necesita energía y maquinaria pesada&lt;/p&gt;</mattext>
                </material>
              </response_label>
              <response_label ident="text2qti_choice_a835a47549082de3a8cbc5c20ea1ec4b0c54588dc352dc9cdcf8022e5453ff9f">
                <material>
                  <mattext texttype="text/html">&lt;p&gt;Puede presentar defectos como porosidades&lt;/p&gt;</mattext>
                </material>
              </response_label>
              <response_label ident="text2qti_choice_e24dc87c58eec79115ccc10079decd61e4fd0ee9234a2e107626865a7623c02f">
                <material>
                  <mattext texttype="text/html">&lt;p&gt;Requiere calentamiento previo del metal para deformarlo&lt;/p&gt;</mattext>
                </material>
              </response_label>
              <response_label ident="text2qti_choice_1f7fae2520bc00394ca5db2262d9e918389fe960ee07a50e880c7970dffef3c4">
                <material>
                  <mattext texttype="text/html">&lt;p&gt;Solo permite formas lineales&lt;/p&gt;</mattext>
                </material>
              </response_label>
            </render_choice>
          </response_lid>
        </presentation>
        <resprocessing>
          <outcomes>
            <decvar maxvalue="100" minvalue="0" varname="SCORE" vartype="Decimal"/>
          </outcomes>
          <respcondition continue="No">
            <conditionvar>
              <varequal respident="response1">text2qti_choice_a835a47549082de3a8cbc5c20ea1ec4b0c54588dc352dc9cdcf8022e5453ff9f</varequal>
            </conditionvar>
            <setvar action="Set" varname="SCORE">100</setvar>
          </respcondition>
        </resprocessing>
      </item>
      <item ident="text2qti_question_db56c15ffab1b101ac6675e6e51498b8c158e0e948250e456d61c2face5109e5" title="Question">
        <itemmetadata>
          <qtimetadata>
            <qtimetadatafield>
              <fieldlabel>question_type</fieldlabel>
              <fieldentry>short_answer_question</fieldentry>
            </qtimetadatafield>
            <qtimetadatafield>
              <fieldlabel>points_possible</fieldlabel>
              <fieldentry>1</fieldentry>
            </qtimetadatafield>
            <qtimetadatafield>
              <fieldlabel>original_answer_ids</fieldlabel>
              <fieldentry>text2qti_choice_53dd6a5fa03dbf8800e74c266051ce0ff013908fe41f8a83d15097b8a5ccf725,text2qti_choice_64b69232dd36853d9ef9e748ecc7b24b321b7059b320572307929532eedea0b2</fieldentry>
            </qtimetadatafield>
            <qtimetadatafield>
              <fieldlabel>assessment_question_identifierref</fieldlabel>
              <fieldentry>text2qti_question_ref_db56c15ffab1b101ac6675e6e51498b8c158e0e948250e456d61c2face5109e5</fieldentry>
            </qtimetadatafield>
          </qtimetadata>
        </itemmetadata>
        <presentation>
          <material>
            <mattext texttype="text/html">&lt;p&gt;Completa con una sola palabra en minúscula: Las piezas moldeadas tienen _____ resitencia mecánica que las forjadas porque durante la solidificación pueden aparecer porosidades y la estructura del grano no se compacta tanto como en el forjado.&lt;/p&gt;</mattext>
          </material>
          <response_str ident="response1" rcardinality="Single">
            <render_fib>
              <response_label ident="answer1" rshuffle="No"/>
            </render_fib>
          </response_str>
        </presentation>
        <resprocessing>
          <outcomes>
            <decvar maxvalue="100" minvalue="0" varname="SCORE" vartype="Decimal"/>
          </outcomes>
          <respcondition continue="No">
            <conditionvar>
              <varequal respident="response1">Menor</varequal>
              <varequal respident="response1">menor</varequal>
            </conditionvar>
            <setvar action="Set" varname="SCORE">100</setvar>
          </respcondition>
        </resprocessing>
      </item>
    </section>
      <item ident="text2qti_text_261c0114783e5057269e86036deae44f1c55f497573d945019c6a1663119a3a9" title="Forjado">
        <itemmetadata>
          <qtimetadata>
            <qtimetadatafield>
              <fieldlabel>question_type</fieldlabel>
              <fieldentry>text_only_question</fieldentry>
            </qtimetadatafield>
            <qtimetadatafield>
              <fieldlabel>points_possible</fieldlabel>
              <fieldentry>0</fieldentry>
            </qtimetadatafield>
            <qtimetadatafield>
              <fieldlabel>original_answer_ids</fieldlabel>
              <fieldentry></fieldentry>
            </qtimetadatafield>
            <qtimetadatafield>
              <fieldlabel>assessment_question_identifierref</fieldlabel>
              <fieldentry>text2qti_question_ref_261c0114783e5057269e86036deae44f1c55f497573d945019c6a1663119a3a9</fieldentry>
            </qtimetadatafield>
          </qtimetadata>
        </itemmetadata>
        <presentation>
          <material>
            <mattext texttype="text/html"></mattext>
          </material>
        </presentation>
      </item>
    <section ident="text2qti_group_819c4dd949a47c25fe5a52e6fee09085feafaecb78bfb8bfdf565a957293441c" title="Group">
      <selection_ordering>
        <selection>
          <selection_number>2</selection_number>
          <selection_extension>
            <points_per_item>1</points_per_item>
          </selection_extension>
        </selection>
      </selection_ordering>
      <item ident="text2qti_question_a139e9dca1face7805caed3d7b728ff49d154406d8f5332a9fd47a04afb71d77" title="Question">
        <itemmetadata>
          <qtimetadata>
            <qtimetadatafield>
              <fieldlabel>question_type</fieldlabel>
              <fieldentry>multiple_choice_question</fieldentry>
            </qtimetadatafield>
            <qtimetadatafield>
              <fieldlabel>points_possible</fieldlabel>
              <fieldentry>1</fieldentry>
            </qtimetadatafield>
            <qtimetadatafield>
              <fieldlabel>original_answer_ids</fieldlabel>
              <fieldentry>text2qti_choice_3754ce09c0808b325dc47059d4f20c6e13df0a78744c335939438fd6fd2805c7,text2qti_choice_ae89cdbbcd83f4223f3fd2f3f8e48818dffd2ef3a887121e4b0dd51d5cd777c1,text2qti_choice_0170ab03754f8a3515c9b8b2d80d8b69efc23b044718c4a44c04d16e9e69527f,text2qti_choice_5ec3a61ee8637af4aa9e311e2cf1c838709e2731c59d33f6140a9ccd678520fd</fieldentry>
            </qtimetadatafield>
            <qtimetadatafield>
              <fieldlabel>assessment_question_identifierref</fieldlabel>
              <fieldentry>text2qti_question_ref_a139e9dca1face7805caed3d7b728ff49d154406d8f5332a9fd47a04afb71d77</fieldentry>
            </qtimetadatafield>
          </qtimetadata>
        </itemmetadata>
        <presentation>
          <material>
            <mattext texttype="text/html">&lt;p&gt;Selecciona la opción correcta. ¿Cuál es la principal diferencia entre forjado en frío y en caliente?&lt;/p&gt;</mattext>
          </material>
          <response_lid ident="response1" rcardinality="Single">
            <render_choice>
              <response_label ident="text2qti_choice_3754ce09c0808b325dc47059d4f20c6e13df0a78744c335939438fd6fd2805c7">
                <material>
                  <mattext texttype="text/html">&lt;p&gt;En frío hay mayor dureza y precisión, en caliente se deforma más fácilmente&lt;/p&gt;</mattext>
                </material>
              </response_label>
              <response_label ident="text2qti_choice_ae89cdbbcd83f4223f3fd2f3f8e48818dffd2ef3a887121e4b0dd51d5cd777c1">
                <material>
                  <mattext texttype="text/html">&lt;p&gt;En frío se usa prensa hidráulica mientras que en caliente no&lt;/p&gt;</mattext>
                </material>
              </response_label>
              <response_label ident="text2qti_choice_0170ab03754f8a3515c9b8b2d80d8b69efc23b044718c4a44c04d16e9e69527f">
                <material>
                  <mattext texttype="text/html">&lt;p&gt;En frío se usa matriz, en caliente no&lt;/p&gt;</mattext>
                </material>
              </response_label>
              <response_label ident="text2qti_choice_5ec3a61ee8637af4aa9e311e2cf1c838709e2731c59d33f6140a9ccd678520fd">
                <material>
                  <mattext texttype="text/html">&lt;p&gt;En frío solo se puede usar acero, en caliente cualquier metal&lt;/p&gt;</mattext>
                </material>
              </response_label>
            </render_choice>
          </response_lid>
        </presentation>
        <resprocessing>
          <outcomes>
            <decvar maxvalue="100" minvalue="0" varname="SCORE" vartype="Decimal"/>
          </outcomes>
          <respcondition continue="No">
            <conditionvar>
              <varequal respident="response1">text2qti_choice_3754ce09c0808b325dc47059d4f20c6e13df0a78744c335939438fd6fd2805c7</varequal>
            </conditionvar>
            <setvar action="Set" varname="SCORE">100</setvar>
          </respcondition>
        </resprocessing>
      </item>
      <item ident="text2qti_question_ee9657b93e3feed57f615cbf06a53e857c924774b2ea267d669911fc785734fb" title="Question">
        <itemmetadata>
          <qtimetadata>
            <qtimetadatafield>
              <fieldlabel>question_type</fieldlabel>
              <fieldentry>multiple_answers_question</fieldentry>
            </qtimetadatafield>
            <qtimetadatafield>
              <fieldlabel>points_possible</fieldlabel>
              <fieldentry>1</fieldentry>
            </qtimetadatafield>
            <qtimetadatafield>
              <fieldlabel>original_answer_ids</fieldlabel>
              <fieldentry>text2qti_choice_a1257ecf70491c60babfd30f4e2327bf53752255f66849b765edf6beb545b600,text2qti_choice_4f1e37d4ec514a7f3580f7c9bb10c43bee4adb905038f0b3cee4f5751382932e,text2qti_choice_c9d76e0650cc9c18b934d1bf95c11d12958371ae49f36515ed97573f31a3eec6,text2qti_choice_2c0d4f48b5c7d40209e5ba15d23acde4517c7a1e31258b697bcc865a38ffb260</fieldentry>
            </qtimetadatafield>
            <qtimetadatafield>
              <fieldlabel>assessment_question_identifierref</fieldlabel>
              <fieldentry>text2qti_question_ref_ee9657b93e3feed57f615cbf06a53e857c924774b2ea267d669911fc785734fb</fieldentry>
            </qtimetadatafield>
          </qtimetadata>
        </itemmetadata>
        <presentation>
          <material>
            <mattext texttype="text/html">&lt;p&gt;Elige todas las opciones correctas. Tipos de forjado incluyen:&lt;/p&gt;</mattext>
          </material>
          <response_lid ident="response1" rcardinality="Multiple">
            <render_choice>
              <response_label ident="text2qti_choice_a1257ecf70491c60babfd30f4e2327bf53752255f66849b765edf6beb545b600">
                <material>
                  <mattext texttype="text/html">&lt;p&gt;Libre u open die&lt;/p&gt;</mattext>
                </material>
              </response_label>
              <response_label ident="text2qti_choice_4f1e37d4ec514a7f3580f7c9bb10c43bee4adb905038f0b3cee4f5751382932e">
                <material>
                  <mattext texttype="text/html">&lt;p&gt;En matriz o closed die&lt;/p&gt;</mattext>
                </material>
              </response_label>
              <response_label ident="text2qti_choice_c9d76e0650cc9c18b934d1bf95c11d12958371ae49f36515ed97573f31a3eec6">
                <material>
                  <mattext texttype="text/html">&lt;p&gt;Moldeo por fundición&lt;/p&gt;</mattext>
                </material>
              </response_label>
              <response_label ident="text2qti_choice_2c0d4f48b5c7d40209e5ba15d23acde4517c7a1e31258b697bcc865a38ffb260">
                <material>
                  <mattext texttype="text/html">&lt;p&gt;Extrusión&lt;/p&gt;</mattext>
                </material>
              </response_label>
            </render_choice>
          </response_lid>
        </presentation>
        <resprocessing>
          <outcomes>
            <decvar maxvalue="100" minvalue="0" varname="SCORE" vartype="Decimal"/>
          </outcomes>
          <respcondition continue="No">
            <conditionvar>
              <and>
                <varequal respident="response1">text2qti_choice_a1257ecf70491c60babfd30f4e2327bf53752255f66849b765edf6beb545b600</varequal>
                <varequal respident="response1">text2qti_choice_4f1e37d4ec514a7f3580f7c9bb10c43bee4adb905038f0b3cee4f5751382932e</varequal>
                <not>
                  <varequal respident="response1">text2qti_choice_c9d76e0650cc9c18b934d1bf95c11d12958371ae49f36515ed97573f31a3eec6</varequal>
                </not>
                <not>
                  <varequal respident="response1">text2qti_choice_2c0d4f48b5c7d40209e5ba15d23acde4517c7a1e31258b697bcc865a38ffb260</varequal>
                </not>
              </and>
            </conditionvar>
            <setvar action="Set" varname="SCORE">100</setvar>
          </respcondition>
        </resprocessing>
      </item>
      <item ident="text2qti_question_63382cb3de1e4c821c22bb015499427ffa81c98e1d1b4123950d73056516a432" title="Question">
        <itemmetadata>
          <qtimetadata>
            <qtimetadatafield>
              <fieldlabel>question_type</fieldlabel>
              <fieldentry>short_answer_question</fieldentry>
            </qtimetadatafield>
            <qtimetadatafield>
              <fieldlabel>points_possible</fieldlabel>
              <fieldentry>1</fieldentry>
            </qtimetadatafield>
            <qtimetadatafield>
              <fieldlabel>original_answer_ids</fieldlabel>
              <fieldentry>text2qti_choice_6de2a65efcc722f678fced2a0a66e2cb2d0423edf84a270aa40a08b6bfbb637b,text2qti_choice_9658c3b57eca184c3bbe477b58c0eee4ecda7da73ef1bcbdf784e3096e36632d,text2qti_choice_50933f8356547fd3bc06d045c0cbaa01b63d4d0b30d222a1b5a96e0b88a8a958,text2qti_choice_1078142e18e2d98bc15a3d24ff586aed7372b33f359a5a9e59eed42b9e780635</fieldentry>
            </qtimetadatafield>
            <qtimetadatafield>
              <fieldlabel>assessment_question_identifierref</fieldlabel>
              <fieldentry>text2qti_question_ref_63382cb3de1e4c821c22bb015499427ffa81c98e1d1b4123950d73056516a432</fieldentry>
            </qtimetadatafield>
          </qtimetadata>
        </itemmetadata>
        <presentation>
          <material>
            <mattext texttype="text/html">&lt;p&gt;Pon la palabra que falta en minúscula: Las bielas y cigueñales de motor se contruyen por _____.&lt;/p&gt;</mattext>
          </material>
          <response_str ident="response1" rcardinality="Single">
            <render_fib>
              <response_label ident="answer1" rshuffle="No"/>
            </render_fib>
          </response_str>
        </presentation>
        <resprocessing>
          <outcomes>
            <decvar maxvalue="100" minvalue="0" varname="SCORE" vartype="Decimal"/>
          </outcomes>
          <respcondition continue="No">
            <conditionvar>
              <varequal respident="response1">Forjado</varequal>
              <varequal respident="response1">forjado</varequal>
              <varequal respident="response1">Forja</varequal>
              <varequal respident="response1">forja</varequal>
            </conditionvar>
            <setvar action="Set" varname="SCORE">100</setvar>
          </respcondition>
        </resprocessing>
      </item>
      <item ident="text2qti_question_68a7d735dda3a27adfe203b9caf32ba6bfa5430376d813a0d7a03dcce0ece3a5" title="Question">
        <itemmetadata>
          <qtimetadata>
            <qtimetadatafield>
              <fieldlabel>question_type</fieldlabel>
              <fieldentry>multiple_choice_question</fieldentry>
            </qtimetadatafield>
            <qtimetadatafield>
              <fieldlabel>points_possible</fieldlabel>
              <fieldentry>1</fieldentry>
            </qtimetadatafield>
            <qtimetadatafield>
              <fieldlabel>original_answer_ids</fieldlabel>
              <fieldentry>text2qti_choice_7db01f28fb47e922b65a9af66a29db868a367ecd382a46a8c5bea20548d27ddf,text2qti_choice_1586f692c8e25d051f99828e2c47918ce072b8eef7e5845faebc3030752180d4,text2qti_choice_2e8c065696ceef77fa1657b511d8c9f15acf93e475cd0736e92bfe4f90a66afc,text2qti_choice_38d92427b5cf426d227696071748d82bbd77e5664b3125c490d9836c494dde40</fieldentry>
            </qtimetadatafield>
            <qtimetadatafield>
              <fieldlabel>assessment_question_identifierref</fieldlabel>
              <fieldentry>text2qti_question_ref_68a7d735dda3a27adfe203b9caf32ba6bfa5430376d813a0d7a03dcce0ece3a5</fieldentry>
            </qtimetadatafield>
          </qtimetadata>
        </itemmetadata>
        <presentation>
          <material>
            <mattext texttype="text/html">&lt;p&gt;Selecciona la opción correcta. Una ventaja del forjado es:&lt;/p&gt;</mattext>
          </material>
          <response_lid ident="response1" rcardinality="Single">
            <render_choice>
              <response_label ident="text2qti_choice_7db01f28fb47e922b65a9af66a29db868a367ecd382a46a8c5bea20548d27ddf">
                <material>
                  <mattext texttype="text/html">&lt;p&gt;Permite formas complejas como campanas&lt;/p&gt;</mattext>
                </material>
              </response_label>
              <response_label ident="text2qti_choice_1586f692c8e25d051f99828e2c47918ce072b8eef7e5845faebc3030752180d4">
                <material>
                  <mattext texttype="text/html">&lt;p&gt;Alta resistencia y tenacidad por compactación de granos&lt;/p&gt;</mattext>
                </material>
              </response_label>
              <response_label ident="text2qti_choice_2e8c065696ceef77fa1657b511d8c9f15acf93e475cd0736e92bfe4f90a66afc">
                <material>
                  <mattext texttype="text/html">&lt;p&gt;Es limitado a secciones pequeñas&lt;/p&gt;</mattext>
                </material>
              </response_label>
              <response_label ident="text2qti_choice_38d92427b5cf426d227696071748d82bbd77e5664b3125c490d9836c494dde40">
                <material>
                  <mattext texttype="text/html">&lt;p&gt;No requiere energía&lt;/p&gt;</mattext>
                </material>
              </response_label>
            </render_choice>
          </response_lid>
        </presentation>
        <resprocessing>
          <outcomes>
            <decvar maxvalue="100" minvalue="0" varname="SCORE" vartype="Decimal"/>
          </outcomes>
          <respcondition continue="No">
            <conditionvar>
              <varequal respident="response1">text2qti_choice_1586f692c8e25d051f99828e2c47918ce072b8eef7e5845faebc3030752180d4</varequal>
            </conditionvar>
            <setvar action="Set" varname="SCORE">100</setvar>
          </respcondition>
        </resprocessing>
      </item>
      <item ident="text2qti_question_ac3d9b053f6e85c0894ec9c4b3abe37c7b4c4c43018b4466657a24684b0751d9" title="Question">
        <itemmetadata>
          <qtimetadata>
            <qtimetadatafield>
              <fieldlabel>question_type</fieldlabel>
              <fieldentry>short_answer_question</fieldentry>
            </qtimetadatafield>
            <qtimetadatafield>
              <fieldlabel>points_possible</fieldlabel>
              <fieldentry>1</fieldentry>
            </qtimetadatafield>
            <qtimetadatafield>
              <fieldlabel>original_answer_ids</fieldlabel>
              <fieldentry>text2qti_choice_406719898a4be6e56d9e79b8d050bb860f22f9b69f6250226bdf93bd6ecfe2d2,text2qti_choice_3371d8dee8f04583803150563af3046d3da0f43ace93d9b2071fff51070041c0</fieldentry>
            </qtimetadatafield>
            <qtimetadatafield>
              <fieldlabel>assessment_question_identifierref</fieldlabel>
              <fieldentry>text2qti_question_ref_ac3d9b053f6e85c0894ec9c4b3abe37c7b4c4c43018b4466657a24684b0751d9</fieldentry>
            </qtimetadatafield>
          </qtimetadata>
        </itemmetadata>
        <presentation>
          <material>
            <mattext texttype="text/html">&lt;p&gt;Pon la palabra que falta en minúscula y en plural. El forjado en caliente mejora la estructura interna del metal porque el calentamiento entre otras cosas permite que los granos se compacten y orienten mejor, mejorando propiedades _____.&lt;/p&gt;</mattext>
          </material>
          <response_str ident="response1" rcardinality="Single">
            <render_fib>
              <response_label ident="answer1" rshuffle="No"/>
            </render_fib>
          </response_str>
        </presentation>
        <resprocessing>
          <outcomes>
            <decvar maxvalue="100" minvalue="0" varname="SCORE" vartype="Decimal"/>
          </outcomes>
          <respcondition continue="No">
            <conditionvar>
              <varequal respident="response1">Mecánicas</varequal>
              <varequal respident="response1">mecánicas</varequal>
            </conditionvar>
            <setvar action="Set" varname="SCORE">100</setvar>
          </respcondition>
        </resprocessing>
      </item>
    </section>
      <item ident="text2qti_text_472da7e07f05ef368b6103d99e41d6a189e1e4c3722c34042c11fdb3b2713f0c" title="Extrusión">
        <itemmetadata>
          <qtimetadata>
            <qtimetadatafield>
              <fieldlabel>question_type</fieldlabel>
              <fieldentry>text_only_question</fieldentry>
            </qtimetadatafield>
            <qtimetadatafield>
              <fieldlabel>points_possible</fieldlabel>
              <fieldentry>0</fieldentry>
            </qtimetadatafield>
            <qtimetadatafield>
              <fieldlabel>original_answer_ids</fieldlabel>
              <fieldentry></fieldentry>
            </qtimetadatafield>
            <qtimetadatafield>
              <fieldlabel>assessment_question_identifierref</fieldlabel>
              <fieldentry>text2qti_question_ref_472da7e07f05ef368b6103d99e41d6a189e1e4c3722c34042c11fdb3b2713f0c</fieldentry>
            </qtimetadatafield>
          </qtimetadata>
        </itemmetadata>
        <presentation>
          <material>
            <mattext texttype="text/html"></mattext>
          </material>
        </presentation>
      </item>
    <section ident="text2qti_group_44c38d8dada610a555cd100d1564bba60a25c0ffb7da782c4d916562c7018008" title="Group">
      <selection_ordering>
        <selection>
          <selection_number>2</selection_number>
          <selection_extension>
            <points_per_item>1</points_per_item>
          </selection_extension>
        </selection>
      </selection_ordering>
      <item ident="text2qti_question_e08e0c0e5d81b9c99fc6362cd500cf43a306ee9883e83d4f9b56fc4c6c00f352" title="Question">
        <itemmetadata>
          <qtimetadata>
            <qtimetadatafield>
              <fieldlabel>question_type</fieldlabel>
              <fieldentry>multiple_choice_question</fieldentry>
            </qtimetadatafield>
            <qtimetadatafield>
              <fieldlabel>points_possible</fieldlabel>
              <fieldentry>1</fieldentry>
            </qtimetadatafield>
            <qtimetadatafield>
              <fieldlabel>original_answer_ids</fieldlabel>
              <fieldentry>text2qti_choice_c75ccca9173b117e7ef1031a568a8635f52fb5d234c4d94df8175f3268060949,text2qti_choice_9610c79d5eb210dec75ee2ed1770a9178389bf1a57b20f94495296c10ddcf0b8,text2qti_choice_eed329c1df0ea462ebdfe48e32cd955048aaff4522ffc5c8378dca64a2fe3975,text2qti_choice_98e22ebe16271b1a2f6f6e4a79892a0154e2112b44bcd2f644a077203e852dba</fieldentry>
            </qtimetadatafield>
            <qtimetadatafield>
              <fieldlabel>assessment_question_identifierref</fieldlabel>
              <fieldentry>text2qti_question_ref_e08e0c0e5d81b9c99fc6362cd500cf43a306ee9883e83d4f9b56fc4c6c00f352</fieldentry>
            </qtimetadatafield>
          </qtimetadata>
        </itemmetadata>
        <presentation>
          <material>
            <mattext texttype="text/html">&lt;p&gt;Selecciona la opción correcta. El proceso de extrusión consiste en:&lt;/p&gt;</mattext>
          </material>
          <response_lid ident="response1" rcardinality="Single">
            <render_choice>
              <response_label ident="text2qti_choice_c75ccca9173b117e7ef1031a568a8635f52fb5d234c4d94df8175f3268060949">
                <material>
                  <mattext texttype="text/html">&lt;p&gt;Fundir el metal y verterlo en un molde&lt;/p&gt;</mattext>
                </material>
              </response_label>
              <response_label ident="text2qti_choice_9610c79d5eb210dec75ee2ed1770a9178389bf1a57b20f94495296c10ddcf0b8">
                <material>
                  <mattext texttype="text/html">&lt;p&gt;Estirar el metal por orificios cada vez más pequeños&lt;/p&gt;</mattext>
                </material>
              </response_label>
              <response_label ident="text2qti_choice_eed329c1df0ea462ebdfe48e32cd955048aaff4522ffc5c8378dca64a2fe3975">
                <material>
                  <mattext texttype="text/html">&lt;p&gt;Hacer pasar el metal a través de una matriz para adoptar su forma&lt;/p&gt;</mattext>
                </material>
              </response_label>
              <response_label ident="text2qti_choice_98e22ebe16271b1a2f6f6e4a79892a0154e2112b44bcd2f644a077203e852dba">
                <material>
                  <mattext texttype="text/html">&lt;p&gt;Golpear el metal en estado sólido&lt;/p&gt;</mattext>
                </material>
              </response_label>
            </render_choice>
          </response_lid>
        </presentation>
        <resprocessing>
          <outcomes>
            <decvar maxvalue="100" minvalue="0" varname="SCORE" vartype="Decimal"/>
          </outcomes>
          <respcondition continue="No">
            <conditionvar>
              <varequal respident="response1">text2qti_choice_eed329c1df0ea462ebdfe48e32cd955048aaff4522ffc5c8378dca64a2fe3975</varequal>
            </conditionvar>
            <setvar action="Set" varname="SCORE">100</setvar>
          </respcondition>
        </resprocessing>
      </item>
      <item ident="text2qti_question_b18feab7eb0b95c06adc27847b88a8a5377187a2c468d5a871f28121c00b3cbb" title="Question">
        <itemmetadata>
          <qtimetadata>
            <qtimetadatafield>
              <fieldlabel>question_type</fieldlabel>
              <fieldentry>multiple_answers_question</fieldentry>
            </qtimetadatafield>
            <qtimetadatafield>
              <fieldlabel>points_possible</fieldlabel>
              <fieldentry>1</fieldentry>
            </qtimetadatafield>
            <qtimetadatafield>
              <fieldlabel>original_answer_ids</fieldlabel>
              <fieldentry>text2qti_choice_fdfe4f1a9a202eaf21b848c086b1f629b52c346f5c9155fc497b18c6cc65fc6d,text2qti_choice_ea56f3fe40f9e6b93d30cb1190602cb273afff1514f8d438cb48bb185acbdaca,text2qti_choice_bc434fa6207ef7a5c802a3970abac8ea81096b5f11d335cfecc0f14dca320eca,text2qti_choice_2c2e3507348c2c22269fda1d0990b145a8b48dde27f3a90167f4a9c134881540</fieldentry>
            </qtimetadatafield>
            <qtimetadatafield>
              <fieldlabel>assessment_question_identifierref</fieldlabel>
              <fieldentry>text2qti_question_ref_b18feab7eb0b95c06adc27847b88a8a5377187a2c468d5a871f28121c00b3cbb</fieldentry>
            </qtimetadatafield>
          </qtimetadata>
        </itemmetadata>
        <presentation>
          <material>
            <mattext texttype="text/html">&lt;p&gt;Elige todas las opciones correctas. Ventajas de la extrusión:&lt;/p&gt;</mattext>
          </material>
          <response_lid ident="response1" rcardinality="Multiple">
            <render_choice>
              <response_label ident="text2qti_choice_fdfe4f1a9a202eaf21b848c086b1f629b52c346f5c9155fc497b18c6cc65fc6d">
                <material>
                  <mattext texttype="text/html">&lt;p&gt;Permite obtener formas continuas y regulares&lt;/p&gt;</mattext>
                </material>
              </response_label>
              <response_label ident="text2qti_choice_ea56f3fe40f9e6b93d30cb1190602cb273afff1514f8d438cb48bb185acbdaca">
                <material>
                  <mattext texttype="text/html">&lt;p&gt;Mejora significativamente la tenacidad de los metales&lt;/p&gt;</mattext>
                </material>
              </response_label>
              <response_label ident="text2qti_choice_bc434fa6207ef7a5c802a3970abac8ea81096b5f11d335cfecc0f14dca320eca">
                <material>
                  <mattext texttype="text/html">&lt;p&gt;Adecuado para metales dúctiles&lt;/p&gt;</mattext>
                </material>
              </response_label>
              <response_label ident="text2qti_choice_2c2e3507348c2c22269fda1d0990b145a8b48dde27f3a90167f4a9c134881540">
                <material>
                  <mattext texttype="text/html">&lt;p&gt;Produce piezas extremadamente resistentes como el forjado&lt;/p&gt;</mattext>
                </material>
              </response_label>
            </render_choice>
          </response_lid>
        </presentation>
        <resprocessing>
          <outcomes>
            <decvar maxvalue="100" minvalue="0" varname="SCORE" vartype="Decimal"/>
          </outcomes>
          <respcondition continue="No">
            <conditionvar>
              <and>
                <varequal respident="response1">text2qti_choice_fdfe4f1a9a202eaf21b848c086b1f629b52c346f5c9155fc497b18c6cc65fc6d</varequal>
                <not>
                  <varequal respident="response1">text2qti_choice_ea56f3fe40f9e6b93d30cb1190602cb273afff1514f8d438cb48bb185acbdaca</varequal>
                </not>
                <varequal respident="response1">text2qti_choice_bc434fa6207ef7a5c802a3970abac8ea81096b5f11d335cfecc0f14dca320eca</varequal>
                <not>
                  <varequal respident="response1">text2qti_choice_2c2e3507348c2c22269fda1d0990b145a8b48dde27f3a90167f4a9c134881540</varequal>
                </not>
              </and>
            </conditionvar>
            <setvar action="Set" varname="SCORE">100</setvar>
          </respcondition>
        </resprocessing>
      </item>
      <item ident="text2qti_question_74164bacc50b72b3830c7454e69547fc9028d3410e908f7daab1ce60558dad14" title="Question">
        <itemmetadata>
          <qtimetadata>
            <qtimetadatafield>
              <fieldlabel>question_type</fieldlabel>
              <fieldentry>short_answer_question</fieldentry>
            </qtimetadatafield>
            <qtimetadatafield>
              <fieldlabel>points_possible</fieldlabel>
              <fieldentry>1</fieldentry>
            </qtimetadatafield>
            <qtimetadatafield>
              <fieldlabel>original_answer_ids</fieldlabel>
              <fieldentry>text2qti_choice_d6ef7b281363863d47d5381589764ae026ed2c3dace3dbca8cf1f245a30b9669,text2qti_choice_86fe6ee80cb9e92237025ae57a25ab51417fbde579e8a920364236962d21b751,text2qti_choice_4e093fb7238fc5471a261161ee47eed9c9598439752e9833386be6875cc3dda4,text2qti_choice_d6c3bc006620c9d3a2f5b04212fb657b7fc20c5ea3e2eee4af9aa158ea31653f</fieldentry>
            </qtimetadatafield>
            <qtimetadatafield>
              <fieldlabel>assessment_question_identifierref</fieldlabel>
              <fieldentry>text2qti_question_ref_74164bacc50b72b3830c7454e69547fc9028d3410e908f7daab1ce60558dad14</fieldentry>
            </qtimetadatafield>
          </qtimetadata>
        </itemmetadata>
        <presentation>
          <material>
            <mattext texttype="text/html">&lt;p&gt;Pon la palabra que falta en minúscula. Los perfiles de aluminio se fabrican por _____.&lt;/p&gt;</mattext>
          </material>
          <response_str ident="response1" rcardinality="Single">
            <render_fib>
              <response_label ident="answer1" rshuffle="No"/>
            </render_fib>
          </response_str>
        </presentation>
        <resprocessing>
          <outcomes>
            <decvar maxvalue="100" minvalue="0" varname="SCORE" vartype="Decimal"/>
          </outcomes>
          <respcondition continue="No">
            <conditionvar>
              <varequal respident="response1">Extrusión</varequal>
              <varequal respident="response1">Extrusion</varequal>
              <varequal respident="response1">extrusion</varequal>
              <varequal respident="response1">extrusión</varequal>
            </conditionvar>
            <setvar action="Set" varname="SCORE">100</setvar>
          </respcondition>
        </resprocessing>
      </item>
      <item ident="text2qti_question_2f618bf0bf5c9ffeff3310b339d67f8a5450f3b4ecbb617d2ebcc31a98afd538" title="Question">
        <itemmetadata>
          <qtimetadata>
            <qtimetadatafield>
              <fieldlabel>question_type</fieldlabel>
              <fieldentry>multiple_choice_question</fieldentry>
            </qtimetadatafield>
            <qtimetadatafield>
              <fieldlabel>points_possible</fieldlabel>
              <fieldentry>1</fieldentry>
            </qtimetadatafield>
            <qtimetadatafield>
              <fieldlabel>original_answer_ids</fieldlabel>
              <fieldentry>text2qti_choice_540a48fe294e2fb5ab60fc92a593ac1c53e84b74769c8b09bf526e1cf8f2e095,text2qti_choice_b0965ff77bea2a5dcffba4b2b55563208508f182ddc2bb0d5c4dea157ca10684,text2qti_choice_3e65e9f67f69e586dec4b903d169308dde55b632334e7b3ea429db4d6a880fdc,text2qti_choice_15cdb68c6715fcefab5377d5a74f682c4799ecc770b785c2f79aaa5b8cc68388</fieldentry>
            </qtimetadatafield>
            <qtimetadatafield>
              <fieldlabel>assessment_question_identifierref</fieldlabel>
              <fieldentry>text2qti_question_ref_2f618bf0bf5c9ffeff3310b339d67f8a5450f3b4ecbb617d2ebcc31a98afd538</fieldentry>
            </qtimetadatafield>
          </qtimetadata>
        </itemmetadata>
        <presentation>
          <material>
            <mattext texttype="text/html">&lt;p&gt;Selecciona la opción correcta. La limitación principal de la extrusión es:&lt;/p&gt;</mattext>
          </material>
          <response_lid ident="response1" rcardinality="Single">
            <render_choice>
              <response_label ident="text2qti_choice_540a48fe294e2fb5ab60fc92a593ac1c53e84b74769c8b09bf526e1cf8f2e095">
                <material>
                  <mattext texttype="text/html">&lt;p&gt;Solo se puede usar en estado sólido&lt;/p&gt;</mattext>
                </material>
              </response_label>
              <response_label ident="text2qti_choice_b0965ff77bea2a5dcffba4b2b55563208508f182ddc2bb0d5c4dea157ca10684">
                <material>
                  <mattext texttype="text/html">&lt;p&gt;Requiere martillos y prensas pesadas&lt;/p&gt;</mattext>
                </material>
              </response_label>
              <response_label ident="text2qti_choice_3e65e9f67f69e586dec4b903d169308dde55b632334e7b3ea429db4d6a880fdc">
                <material>
                  <mattext texttype="text/html">&lt;p&gt;Es preferible usarla con metales dúctiles&lt;/p&gt;</mattext>
                </material>
              </response_label>
              <response_label ident="text2qti_choice_15cdb68c6715fcefab5377d5a74f682c4799ecc770b785c2f79aaa5b8cc68388">
                <material>
                  <mattext texttype="text/html">&lt;p&gt;Produce piezas con porosidades&lt;/p&gt;</mattext>
                </material>
              </response_label>
            </render_choice>
          </response_lid>
        </presentation>
        <resprocessing>
          <outcomes>
            <decvar maxvalue="100" minvalue="0" varname="SCORE" vartype="Decimal"/>
          </outcomes>
          <respcondition continue="No">
            <conditionvar>
              <varequal respident="response1">text2qti_choice_3e65e9f67f69e586dec4b903d169308dde55b632334e7b3ea429db4d6a880fdc</varequal>
            </conditionvar>
            <setvar action="Set" varname="SCORE">100</setvar>
          </respcondition>
        </resprocessing>
      </item>
    </section>
      <item ident="text2qti_text_69743fcb236f73ab7ce4cb7e2f668f89c1c425c7ebe752b556161ec6e61f3ff3" title="Trefilado">
        <itemmetadata>
          <qtimetadata>
            <qtimetadatafield>
              <fieldlabel>question_type</fieldlabel>
              <fieldentry>text_only_question</fieldentry>
            </qtimetadatafield>
            <qtimetadatafield>
              <fieldlabel>points_possible</fieldlabel>
              <fieldentry>0</fieldentry>
            </qtimetadatafield>
            <qtimetadatafield>
              <fieldlabel>original_answer_ids</fieldlabel>
              <fieldentry></fieldentry>
            </qtimetadatafield>
            <qtimetadatafield>
              <fieldlabel>assessment_question_identifierref</fieldlabel>
              <fieldentry>text2qti_question_ref_69743fcb236f73ab7ce4cb7e2f668f89c1c425c7ebe752b556161ec6e61f3ff3</fieldentry>
            </qtimetadatafield>
          </qtimetadata>
        </itemmetadata>
        <presentation>
          <material>
            <mattext texttype="text/html"></mattext>
          </material>
        </presentation>
      </item>
    <section ident="text2qti_group_43339b93196d253d8cea22d221d32fe279a8b9a1e4e8c8acf7160799b6eafbaa" title="Group">
      <selection_ordering>
        <selection>
          <selection_number>1</selection_number>
          <selection_extension>
            <points_per_item>1</points_per_item>
          </selection_extension>
        </selection>
      </selection_ordering>
      <item ident="text2qti_question_62cced13bf1a0b086e31d385643587b4da8fa9755bb3dfb0f7c98bb8d75eff01" title="Question">
        <itemmetadata>
          <qtimetadata>
            <qtimetadatafield>
              <fieldlabel>question_type</fieldlabel>
              <fieldentry>multiple_choice_question</fieldentry>
            </qtimetadatafield>
            <qtimetadatafield>
              <fieldlabel>points_possible</fieldlabel>
              <fieldentry>1</fieldentry>
            </qtimetadatafield>
            <qtimetadatafield>
              <fieldlabel>original_answer_ids</fieldlabel>
              <fieldentry>text2qti_choice_302e8065976d8f0fb85df14c6bc5c047e1cfac48fb41c47256c1bb45186ae53c,text2qti_choice_1f1aa2e6fdafed34672aa346216930c5f01f1b700bf30c8ea1f9f3f55936afa8,text2qti_choice_b9868791d047ee4c6ff945a41b3d90f74f84cc6cafa24e6a32f77b29ff2ac1c2,text2qti_choice_65f29a68ce8ae7b733ec632f6d7aa4da6700bc43d3e6ff9933a2feba95417e9a</fieldentry>
            </qtimetadatafield>
            <qtimetadatafield>
              <fieldlabel>assessment_question_identifierref</fieldlabel>
              <fieldentry>text2qti_question_ref_62cced13bf1a0b086e31d385643587b4da8fa9755bb3dfb0f7c98bb8d75eff01</fieldentry>
            </qtimetadatafield>
          </qtimetadata>
        </itemmetadata>
        <presentation>
          <material>
            <mattext texttype="text/html">&lt;p&gt;Selecciona la opción correcta. ¿Qué ocurre durante el trefilado?&lt;/p&gt;</mattext>
          </material>
          <response_lid ident="response1" rcardinality="Single">
            <render_choice>
              <response_label ident="text2qti_choice_302e8065976d8f0fb85df14c6bc5c047e1cfac48fb41c47256c1bb45186ae53c">
                <material>
                  <mattext texttype="text/html">&lt;p&gt;Se funde el metal y se vierte en un molde&lt;/p&gt;</mattext>
                </material>
              </response_label>
              <response_label ident="text2qti_choice_1f1aa2e6fdafed34672aa346216930c5f01f1b700bf30c8ea1f9f3f55936afa8">
                <material>
                  <mattext texttype="text/html">&lt;p&gt;El metal pasa por una matriz para adquirir una forma continua&lt;/p&gt;</mattext>
                </material>
              </response_label>
              <response_label ident="text2qti_choice_b9868791d047ee4c6ff945a41b3d90f74f84cc6cafa24e6a32f77b29ff2ac1c2">
                <material>
                  <mattext texttype="text/html">&lt;p&gt;Un alambre o barra se estira pasando por orificios cada vez más pequeños&lt;/p&gt;</mattext>
                </material>
              </response_label>
              <response_label ident="text2qti_choice_65f29a68ce8ae7b733ec632f6d7aa4da6700bc43d3e6ff9933a2feba95417e9a">
                <material>
                  <mattext texttype="text/html">&lt;p&gt;El metal se deforma mediante golpes en estado sólido&lt;/p&gt;</mattext>
                </material>
              </response_label>
            </render_choice>
          </response_lid>
        </presentation>
        <resprocessing>
          <outcomes>
            <decvar maxvalue="100" minvalue="0" varname="SCORE" vartype="Decimal"/>
          </outcomes>
          <respcondition continue="No">
            <conditionvar>
              <varequal respident="response1">text2qti_choice_b9868791d047ee4c6ff945a41b3d90f74f84cc6cafa24e6a32f77b29ff2ac1c2</varequal>
            </conditionvar>
            <setvar action="Set" varname="SCORE">100</setvar>
          </respcondition>
        </resprocessing>
      </item>
      <item ident="text2qti_question_c345caf841b5ddc9a31f2bb06168cb2ae1481c9a6d270feb5a0bdb3abb143e9b" title="Question">
        <itemmetadata>
          <qtimetadata>
            <qtimetadatafield>
              <fieldlabel>question_type</fieldlabel>
              <fieldentry>multiple_answers_question</fieldentry>
            </qtimetadatafield>
            <qtimetadatafield>
              <fieldlabel>points_possible</fieldlabel>
              <fieldentry>1</fieldentry>
            </qtimetadatafield>
            <qtimetadatafield>
              <fieldlabel>original_answer_ids</fieldlabel>
              <fieldentry>text2qti_choice_0853ee827a730542f1670d035236fdaafd222cc5e8c904878ec1b0e8107551f5,text2qti_choice_e2787405ba645dd8517f9393ca99c23d6dd377338d09265cf43dfbff6d7c143e,text2qti_choice_5c75d49ba8beea699bbee61eff7109561487a954910e6fda1995708f0908c7ea,text2qti_choice_0747682231bc8c63cf892734b380795a6d37dd7e6fc025373d24d8cfd9835ea0</fieldentry>
            </qtimetadatafield>
            <qtimetadatafield>
              <fieldlabel>assessment_question_identifierref</fieldlabel>
              <fieldentry>text2qti_question_ref_c345caf841b5ddc9a31f2bb06168cb2ae1481c9a6d270feb5a0bdb3abb143e9b</fieldentry>
            </qtimetadatafield>
          </qtimetadata>
        </itemmetadata>
        <presentation>
          <material>
            <mattext texttype="text/html">&lt;p&gt;Elige todas las opciones correctas. Ventajas del trefilado:&lt;/p&gt;</mattext>
          </material>
          <response_lid ident="response1" rcardinality="Multiple">
            <render_choice>
              <response_label ident="text2qti_choice_0853ee827a730542f1670d035236fdaafd222cc5e8c904878ec1b0e8107551f5">
                <material>
                  <mattext texttype="text/html">&lt;p&gt;Gran precisión dimensional&lt;/p&gt;</mattext>
                </material>
              </response_label>
              <response_label ident="text2qti_choice_e2787405ba645dd8517f9393ca99c23d6dd377338d09265cf43dfbff6d7c143e">
                <material>
                  <mattext texttype="text/html">&lt;p&gt;Buena resistencia&lt;/p&gt;</mattext>
                </material>
              </response_label>
              <response_label ident="text2qti_choice_5c75d49ba8beea699bbee61eff7109561487a954910e6fda1995708f0908c7ea">
                <material>
                  <mattext texttype="text/html">&lt;p&gt;Permite fabricar piezas grandes y complejas&lt;/p&gt;</mattext>
                </material>
              </response_label>
              <response_label ident="text2qti_choice_0747682231bc8c63cf892734b380795a6d37dd7e6fc025373d24d8cfd9835ea0">
                <material>
                  <mattext texttype="text/html">&lt;p&gt;Mejora la dureza de cualquier metal&lt;/p&gt;</mattext>
                </material>
              </response_label>
            </render_choice>
          </response_lid>
        </presentation>
        <resprocessing>
          <outcomes>
            <decvar maxvalue="100" minvalue="0" varname="SCORE" vartype="Decimal"/>
          </outcomes>
          <respcondition continue="No">
            <conditionvar>
              <and>
                <varequal respident="response1">text2qti_choice_0853ee827a730542f1670d035236fdaafd222cc5e8c904878ec1b0e8107551f5</varequal>
                <varequal respident="response1">text2qti_choice_e2787405ba645dd8517f9393ca99c23d6dd377338d09265cf43dfbff6d7c143e</varequal>
                <not>
                  <varequal respident="response1">text2qti_choice_5c75d49ba8beea699bbee61eff7109561487a954910e6fda1995708f0908c7ea</varequal>
                </not>
                <not>
                  <varequal respident="response1">text2qti_choice_0747682231bc8c63cf892734b380795a6d37dd7e6fc025373d24d8cfd9835ea0</varequal>
                </not>
              </and>
            </conditionvar>
            <setvar action="Set" varname="SCORE">100</setvar>
          </respcondition>
        </resprocessing>
      </item>
      <item ident="text2qti_question_8616d03c79dbd16f6257e42f4b141afaf1c9bc43fd59c8048db5fe8473c5cb96" title="Question">
        <itemmetadata>
          <qtimetadata>
            <qtimetadatafield>
              <fieldlabel>question_type</fieldlabel>
              <fieldentry>short_answer_question</fieldentry>
            </qtimetadatafield>
            <qtimetadatafield>
              <fieldlabel>points_possible</fieldlabel>
              <fieldentry>1</fieldentry>
            </qtimetadatafield>
            <qtimetadatafield>
              <fieldlabel>original_answer_ids</fieldlabel>
              <fieldentry>text2qti_choice_0d383cd9bb2c2a8aadfe346a894530fa8b5bd50de3573e31dfd2a8936d4bfb09,text2qti_choice_0eec847e691547ac4956c35c8a17e35a267e21b5c5d03cb3735695be93de2f80</fieldentry>
            </qtimetadatafield>
            <qtimetadatafield>
              <fieldlabel>assessment_question_identifierref</fieldlabel>
              <fieldentry>text2qti_question_ref_8616d03c79dbd16f6257e42f4b141afaf1c9bc43fd59c8048db5fe8473c5cb96</fieldentry>
            </qtimetadatafield>
          </qtimetadata>
        </itemmetadata>
        <presentation>
          <material>
            <mattext texttype="text/html">&lt;p&gt;Pon la palabra que falta en minúscula. Un alambre de cobre eléctrico se fabrica por _____.&lt;/p&gt;</mattext>
          </material>
          <response_str ident="response1" rcardinality="Single">
            <render_fib>
              <response_label ident="answer1" rshuffle="No"/>
            </render_fib>
          </response_str>
        </presentation>
        <resprocessing>
          <outcomes>
            <decvar maxvalue="100" minvalue="0" varname="SCORE" vartype="Decimal"/>
          </outcomes>
          <respcondition continue="No">
            <conditionvar>
              <varequal respident="response1">trefilado</varequal>
              <varequal respident="response1">Trefilado</varequal>
            </conditionvar>
            <setvar action="Set" varname="SCORE">100</setvar>
          </respcondition>
        </resprocessing>
      </item>
      <item ident="text2qti_question_0b0e00dc61e65e1bcebe9ba84445a568d70a4d70353cfb81987d2245d46b23fd" title="Question">
        <itemmetadata>
          <qtimetadata>
            <qtimetadatafield>
              <fieldlabel>question_type</fieldlabel>
              <fieldentry>multiple_choice_question</fieldentry>
            </qtimetadatafield>
            <qtimetadatafield>
              <fieldlabel>points_possible</fieldlabel>
              <fieldentry>1</fieldentry>
            </qtimetadatafield>
            <qtimetadatafield>
              <fieldlabel>original_answer_ids</fieldlabel>
              <fieldentry>text2qti_choice_e21635b6d85c4d430d4291f2839f702a09eb338c61797b6b61b927abe394e1b9,text2qti_choice_7359df94e3be1a0592f582dc18880a64e1a31a0b63918b1a673f11ad9a871a1c,text2qti_choice_1b1cd6510c3b91dafdd71aafe5f8378af93cfdc7796f48409091eaaa345d9d64,text2qti_choice_f3367eb83b2fe17f48995807afb774b55458f35a5231eb10f5e3888077cb55e5</fieldentry>
            </qtimetadatafield>
            <qtimetadatafield>
              <fieldlabel>assessment_question_identifierref</fieldlabel>
              <fieldentry>text2qti_question_ref_0b0e00dc61e65e1bcebe9ba84445a568d70a4d70353cfb81987d2245d46b23fd</fieldentry>
            </qtimetadatafield>
          </qtimetadata>
        </itemmetadata>
        <presentation>
          <material>
            <mattext texttype="text/html">&lt;p&gt;Selecciona la opción correcta. Diferencia principal entre extrusión y trefilado:&lt;/p&gt;</mattext>
          </material>
          <response_lid ident="response1" rcardinality="Single">
            <render_choice>
              <response_label ident="text2qti_choice_e21635b6d85c4d430d4291f2839f702a09eb338c61797b6b61b927abe394e1b9">
                <material>
                  <mattext texttype="text/html">&lt;p&gt;La extrusión estira, el trefilado empuja&lt;/p&gt;</mattext>
                </material>
              </response_label>
              <response_label ident="text2qti_choice_7359df94e3be1a0592f582dc18880a64e1a31a0b63918b1a673f11ad9a871a1c">
                <material>
                  <mattext texttype="text/html">&lt;p&gt;La extrusión empuja el metal, el trefilado tira del metal&lt;/p&gt;</mattext>
                </material>
              </response_label>
              <response_label ident="text2qti_choice_1b1cd6510c3b91dafdd71aafe5f8378af93cfdc7796f48409091eaaa345d9d64">
                <material>
                  <mattext texttype="text/html">&lt;p&gt;La extrusión solo se hace en frío, el trefilado en caliente&lt;/p&gt;</mattext>
                </material>
              </response_label>
              <response_label ident="text2qti_choice_f3367eb83b2fe17f48995807afb774b55458f35a5231eb10f5e3888077cb55e5">
                <material>
                  <mattext texttype="text/html">&lt;p&gt;La extrusión produce alambres, el trefilado produce perfiles&lt;/p&gt;</mattext>
                </material>
              </response_label>
            </render_choice>
          </response_lid>
        </presentation>
        <resprocessing>
          <outcomes>
            <decvar maxvalue="100" minvalue="0" varname="SCORE" vartype="Decimal"/>
          </outcomes>
          <respcondition continue="No">
            <conditionvar>
              <varequal respident="response1">text2qti_choice_7359df94e3be1a0592f582dc18880a64e1a31a0b63918b1a673f11ad9a871a1c</varequal>
            </conditionvar>
            <setvar action="Set" varname="SCORE">100</setvar>
          </respcondition>
        </resprocessing>
      </item>
      <item ident="text2qti_question_7b8db4ed59b42a857bf02dfc8c2c16c3d4fe5b0437dc2a9c8d0f010670371bd3" title="Question">
        <itemmetadata>
          <qtimetadata>
            <qtimetadatafield>
              <fieldlabel>question_type</fieldlabel>
              <fieldentry>short_answer_question</fieldentry>
            </qtimetadatafield>
            <qtimetadatafield>
              <fieldlabel>points_possible</fieldlabel>
              <fieldentry>1</fieldentry>
            </qtimetadatafield>
            <qtimetadatafield>
              <fieldlabel>original_answer_ids</fieldlabel>
              <fieldentry>text2qti_choice_21647ba5ea8f385da531d1ebdc5b63f7c1f244f404f5af2cd14745d1ca2d3d1e,text2qti_choice_82098a5b3bae8b7bc9a2bdb4b89696c3dcca19e5ddcc497df84d22012e39b062</fieldentry>
            </qtimetadatafield>
            <qtimetadatafield>
              <fieldlabel>assessment_question_identifierref</fieldlabel>
              <fieldentry>text2qti_question_ref_7b8db4ed59b42a857bf02dfc8c2c16c3d4fe5b0437dc2a9c8d0f010670371bd3</fieldentry>
            </qtimetadatafield>
          </qtimetadata>
        </itemmetadata>
        <presentation>
          <material>
            <mattext texttype="text/html">&lt;p&gt;Pon la palabra que falta en minúscula. El _____ permite obtener gran precisión dimensional porque al pasar el metal por orificios cada vez más pequeños, se controla con exactitud el diámetro final y la uniformidad del producto.&lt;/p&gt;</mattext>
          </material>
          <response_str ident="response1" rcardinality="Single">
            <render_fib>
              <response_label ident="answer1" rshuffle="No"/>
            </render_fib>
          </response_str>
        </presentation>
        <resprocessing>
          <outcomes>
            <decvar maxvalue="100" minvalue="0" varname="SCORE" vartype="Decimal"/>
          </outcomes>
          <respcondition continue="No">
            <conditionvar>
              <varequal respident="response1">trefilado</varequal>
              <varequal respident="response1">Trefilado</varequal>
            </conditionvar>
            <setvar action="Set" varname="SCORE">100</setvar>
          </respcondition>
        </resprocessing>
      </item>
    </section>
      <item ident="text2qti_text_0a6b76b04033d81366229c02b3289375cd08a57b3e8ced0fdd06a5d56c2038eb" title="English">
        <itemmetadata>
          <qtimetadata>
            <qtimetadatafield>
              <fieldlabel>question_type</fieldlabel>
              <fieldentry>text_only_question</fieldentry>
            </qtimetadatafield>
            <qtimetadatafield>
              <fieldlabel>points_possible</fieldlabel>
              <fieldentry>0</fieldentry>
            </qtimetadatafield>
            <qtimetadatafield>
              <fieldlabel>original_answer_ids</fieldlabel>
              <fieldentry></fieldentry>
            </qtimetadatafield>
            <qtimetadatafield>
              <fieldlabel>assessment_question_identifierref</fieldlabel>
              <fieldentry>text2qti_question_ref_0a6b76b04033d81366229c02b3289375cd08a57b3e8ced0fdd06a5d56c2038eb</fieldentry>
            </qtimetadatafield>
          </qtimetadata>
        </itemmetadata>
        <presentation>
          <material>
            <mattext texttype="text/html"></mattext>
          </material>
        </presentation>
      </item>
    <section ident="text2qti_group_15e06969321ee05f71dabc35dac65cd11648b8d8675a74684d41aa301fa49fa8" title="Group">
      <selection_ordering>
        <selection>
          <selection_number>1</selection_number>
          <selection_extension>
            <points_per_item>1</points_per_item>
          </selection_extension>
        </selection>
      </selection_ordering>
      <item ident="text2qti_question_46b2d96802931e3563e046029c1e1179b5c57a8f6ad71c5cb10d247371a4efbe" title="Question">
        <itemmetadata>
          <qtimetadata>
            <qtimetadatafield>
              <fieldlabel>question_type</fieldlabel>
              <fieldentry>multiple_choice_question</fieldentry>
            </qtimetadatafield>
            <qtimetadatafield>
              <fieldlabel>points_possible</fieldlabel>
              <fieldentry>1</fieldentry>
            </qtimetadatafield>
            <qtimetadatafield>
              <fieldlabel>original_answer_ids</fieldlabel>
              <fieldentry>text2qti_choice_79aeb454ef733f281053af480ee04acaf0b787995526311927c022a841fcf146,text2qti_choice_d8315a4eba4fd12b8c0e3893eed7f456599ea10046f1f5d7a9d8a147c817e251,text2qti_choice_3a00f7c661722f7030b9572138bce8b853273fa7966ebfb2ddebc436a9e575c4,text2qti_choice_345d999435954b521e48fc94fc3331249db68f3534a7b0a1190398576c056367</fieldentry>
            </qtimetadatafield>
            <qtimetadatafield>
              <fieldlabel>assessment_question_identifierref</fieldlabel>
              <fieldentry>text2qti_question_ref_46b2d96802931e3563e046029c1e1179b5c57a8f6ad71c5cb10d247371a4efbe</fieldentry>
            </qtimetadatafield>
          </qtimetadata>
        </itemmetadata>
        <presentation>
          <material>
            <mattext texttype="text/html">&lt;p&gt;Select the correct option. What is the main characteristic of casting?&lt;/p&gt;</mattext>
          </material>
          <response_lid ident="response1" rcardinality="Single">
            <render_choice>
              <response_label ident="text2qti_choice_79aeb454ef733f281053af480ee04acaf0b787995526311927c022a841fcf146">
                <material>
                  <mattext texttype="text/html">&lt;p&gt;Deforming metal in solid state by pressure&lt;/p&gt;</mattext>
                </material>
              </response_label>
              <response_label ident="text2qti_choice_d8315a4eba4fd12b8c0e3893eed7f456599ea10046f1f5d7a9d8a147c817e251">
                <material>
                  <mattext texttype="text/html">&lt;p&gt;Melting the metal and pouring it into a mold&lt;/p&gt;</mattext>
                </material>
              </response_label>
              <response_label ident="text2qti_choice_3a00f7c661722f7030b9572138bce8b853273fa7966ebfb2ddebc436a9e575c4">
                <material>
                  <mattext texttype="text/html">&lt;p&gt;Pulling the metal through progressively smaller holes&lt;/p&gt;</mattext>
                </material>
              </response_label>
              <response_label ident="text2qti_choice_345d999435954b521e48fc94fc3331249db68f3534a7b0a1190398576c056367">
                <material>
                  <mattext texttype="text/html">&lt;p&gt;Passing the metal through a die&lt;/p&gt;</mattext>
                </material>
              </response_label>
            </render_choice>
          </response_lid>
        </presentation>
        <resprocessing>
          <outcomes>
            <decvar maxvalue="100" minvalue="0" varname="SCORE" vartype="Decimal"/>
          </outcomes>
          <respcondition continue="No">
            <conditionvar>
              <varequal respident="response1">text2qti_choice_d8315a4eba4fd12b8c0e3893eed7f456599ea10046f1f5d7a9d8a147c817e251</varequal>
            </conditionvar>
            <setvar action="Set" varname="SCORE">100</setvar>
          </respcondition>
        </resprocessing>
      </item>
      <item ident="text2qti_question_999015f66e438e2119ca2cb12f57b020b6f47b744cd6b854c14c631d42cfc248" title="Question">
        <itemmetadata>
          <qtimetadata>
            <qtimetadatafield>
              <fieldlabel>question_type</fieldlabel>
              <fieldentry>multiple_answers_question</fieldentry>
            </qtimetadatafield>
            <qtimetadatafield>
              <fieldlabel>points_possible</fieldlabel>
              <fieldentry>1</fieldentry>
            </qtimetadatafield>
            <qtimetadatafield>
              <fieldlabel>original_answer_ids</fieldlabel>
              <fieldentry>text2qti_choice_baffe6f7b1ac8ecc8db117bc15c8eb295aee11afbc6682feb441d920cd477025,text2qti_choice_7f6d11b9dcf9922c76c40b5c9eb7958259ced9ceeac388df83d9b142c39dd6ea,text2qti_choice_f09154f69958a9651123b6c9db23d9d6d2ad70bf288f26aa85c1ba7a2662d970,text2qti_choice_bc618070266022bb5ed929f697d49c238db35dbea0cc71a52944e775a5edf40e</fieldentry>
            </qtimetadatafield>
            <qtimetadatafield>
              <fieldlabel>assessment_question_identifierref</fieldlabel>
              <fieldentry>text2qti_question_ref_999015f66e438e2119ca2cb12f57b020b6f47b744cd6b854c14c631d42cfc248</fieldentry>
            </qtimetadatafield>
          </qtimetadata>
        </itemmetadata>
        <presentation>
          <material>
            <mattext texttype="text/html">&lt;p&gt;Choose all correct options. Advantages of forging include:&lt;/p&gt;</mattext>
          </material>
          <response_lid ident="response1" rcardinality="Multiple">
            <render_choice>
              <response_label ident="text2qti_choice_baffe6f7b1ac8ecc8db117bc15c8eb295aee11afbc6682feb441d920cd477025">
                <material>
                  <mattext texttype="text/html">&lt;p&gt;High strength and toughness&lt;/p&gt;</mattext>
                </material>
              </response_label>
              <response_label ident="text2qti_choice_7f6d11b9dcf9922c76c40b5c9eb7958259ced9ceeac388df83d9b142c39dd6ea">
                <material>
                  <mattext texttype="text/html">&lt;p&gt;Improved grain compaction&lt;/p&gt;</mattext>
                </material>
              </response_label>
              <response_label ident="text2qti_choice_f09154f69958a9651123b6c9db23d9d6d2ad70bf288f26aa85c1ba7a2662d970">
                <material>
                  <mattext texttype="text/html">&lt;p&gt;Allows very complex shapes like casting&lt;/p&gt;</mattext>
                </material>
              </response_label>
              <response_label ident="text2qti_choice_bc618070266022bb5ed929f697d49c238db35dbea0cc71a52944e775a5edf40e">
                <material>
                  <mattext texttype="text/html">&lt;p&gt;Only works with small metal sections&lt;/p&gt;</mattext>
                </material>
              </response_label>
            </render_choice>
          </response_lid>
        </presentation>
        <resprocessing>
          <outcomes>
            <decvar maxvalue="100" minvalue="0" varname="SCORE" vartype="Decimal"/>
          </outcomes>
          <respcondition continue="No">
            <conditionvar>
              <and>
                <varequal respident="response1">text2qti_choice_baffe6f7b1ac8ecc8db117bc15c8eb295aee11afbc6682feb441d920cd477025</varequal>
                <varequal respident="response1">text2qti_choice_7f6d11b9dcf9922c76c40b5c9eb7958259ced9ceeac388df83d9b142c39dd6ea</varequal>
                <not>
                  <varequal respident="response1">text2qti_choice_f09154f69958a9651123b6c9db23d9d6d2ad70bf288f26aa85c1ba7a2662d970</varequal>
                </not>
                <not>
                  <varequal respident="response1">text2qti_choice_bc618070266022bb5ed929f697d49c238db35dbea0cc71a52944e775a5edf40e</varequal>
                </not>
              </and>
            </conditionvar>
            <setvar action="Set" varname="SCORE">100</setvar>
          </respcondition>
        </resprocessing>
      </item>
      <item ident="text2qti_question_424b6a30f7f2329fdcb2b62d1c104ff10e02cbec1f4fdb662ea0f743488e55a4" title="Question">
        <itemmetadata>
          <qtimetadata>
            <qtimetadatafield>
              <fieldlabel>question_type</fieldlabel>
              <fieldentry>multiple_answers_question</fieldentry>
            </qtimetadatafield>
            <qtimetadatafield>
              <fieldlabel>points_possible</fieldlabel>
              <fieldentry>1</fieldentry>
            </qtimetadatafield>
            <qtimetadatafield>
              <fieldlabel>original_answer_ids</fieldlabel>
              <fieldentry>text2qti_choice_238709464d36a5432b7fbc881c999f4d75c8c62d9e742f456637f0a46c4901bf,text2qti_choice_8d381c46bfa3437398460bca6d8bf00d800e7ca4372cc9ddfa889e0c6a181ee7,text2qti_choice_5bd01c26977411096df6bf1b6521679870347df3404e8043c255cbde7cb12ba9,text2qti_choice_36c8e0bfc1a577135cdbf07353690b60285dbcaa73461cb316e1d2dc1289c40d</fieldentry>
            </qtimetadatafield>
            <qtimetadatafield>
              <fieldlabel>assessment_question_identifierref</fieldlabel>
              <fieldentry>text2qti_question_ref_424b6a30f7f2329fdcb2b62d1c104ff10e02cbec1f4fdb662ea0f743488e55a4</fieldentry>
            </qtimetadatafield>
          </qtimetadata>
        </itemmetadata>
        <presentation>
          <material>
            <mattext texttype="text/html">&lt;p&gt;Choose all correct options. Types of forging include:&lt;/p&gt;</mattext>
          </material>
          <response_lid ident="response1" rcardinality="Multiple">
            <render_choice>
              <response_label ident="text2qti_choice_238709464d36a5432b7fbc881c999f4d75c8c62d9e742f456637f0a46c4901bf">
                <material>
                  <mattext texttype="text/html">&lt;p&gt;Open die forging&lt;/p&gt;</mattext>
                </material>
              </response_label>
              <response_label ident="text2qti_choice_8d381c46bfa3437398460bca6d8bf00d800e7ca4372cc9ddfa889e0c6a181ee7">
                <material>
                  <mattext texttype="text/html">&lt;p&gt;Closed die (die forging)&lt;/p&gt;</mattext>
                </material>
              </response_label>
              <response_label ident="text2qti_choice_5bd01c26977411096df6bf1b6521679870347df3404e8043c255cbde7cb12ba9">
                <material>
                  <mattext texttype="text/html">&lt;p&gt;Casting&lt;/p&gt;</mattext>
                </material>
              </response_label>
              <response_label ident="text2qti_choice_36c8e0bfc1a577135cdbf07353690b60285dbcaa73461cb316e1d2dc1289c40d">
                <material>
                  <mattext texttype="text/html">&lt;p&gt;Extrusion&lt;/p&gt;</mattext>
                </material>
              </response_label>
            </render_choice>
          </response_lid>
        </presentation>
        <resprocessing>
          <outcomes>
            <decvar maxvalue="100" minvalue="0" varname="SCORE" vartype="Decimal"/>
          </outcomes>
          <respcondition continue="No">
            <conditionvar>
              <and>
                <varequal respident="response1">text2qti_choice_238709464d36a5432b7fbc881c999f4d75c8c62d9e742f456637f0a46c4901bf</varequal>
                <varequal respident="response1">text2qti_choice_8d381c46bfa3437398460bca6d8bf00d800e7ca4372cc9ddfa889e0c6a181ee7</varequal>
                <not>
                  <varequal respident="response1">text2qti_choice_5bd01c26977411096df6bf1b6521679870347df3404e8043c255cbde7cb12ba9</varequal>
                </not>
                <not>
                  <varequal respident="response1">text2qti_choice_36c8e0bfc1a577135cdbf07353690b60285dbcaa73461cb316e1d2dc1289c40d</varequal>
                </not>
              </and>
            </conditionvar>
            <setvar action="Set" varname="SCORE">100</setvar>
          </respcondition>
        </resprocessing>
      </item>
      <item ident="text2qti_question_abb579df73e3a3d4dbbe7b6d3cc9e91d800cbead0027d071b4d33bcaf861ad75" title="Question">
        <itemmetadata>
          <qtimetadata>
            <qtimetadatafield>
              <fieldlabel>question_type</fieldlabel>
              <fieldentry>multiple_choice_question</fieldentry>
            </qtimetadatafield>
            <qtimetadatafield>
              <fieldlabel>points_possible</fieldlabel>
              <fieldentry>1</fieldentry>
            </qtimetadatafield>
            <qtimetadatafield>
              <fieldlabel>original_answer_ids</fieldlabel>
              <fieldentry>text2qti_choice_6fc7d742c42bc704117e3d22169ba397bd4b97bbc1a58e47933933cbd48db656,text2qti_choice_963afcffd23a08ce9c4092309a8ec90c1c8f324acc9a6915116129a3fcec3139,text2qti_choice_02cf1e82efb1ba00633a17504e4a69ee82e34e58b19055f5f288cea9b8770e04,text2qti_choice_1b4ac4d7855a510494ce5581c8fdf16234358741f6ab7d516c0ecbf10917a504</fieldentry>
            </qtimetadatafield>
            <qtimetadatafield>
              <fieldlabel>assessment_question_identifierref</fieldlabel>
              <fieldentry>text2qti_question_ref_abb579df73e3a3d4dbbe7b6d3cc9e91d800cbead0027d071b4d33bcaf861ad75</fieldentry>
            </qtimetadatafield>
          </qtimetadata>
        </itemmetadata>
        <presentation>
          <material>
            <mattext texttype="text/html">&lt;p&gt;Select the correct option. The main difference between extrusion and drawing (trefilado) is:&lt;/p&gt;</mattext>
          </material>
          <response_lid ident="response1" rcardinality="Single">
            <render_choice>
              <response_label ident="text2qti_choice_6fc7d742c42bc704117e3d22169ba397bd4b97bbc1a58e47933933cbd48db656">
                <material>
                  <mattext texttype="text/html">&lt;p&gt;Extrusion stretches, drawing pushes&lt;/p&gt;</mattext>
                </material>
              </response_label>
              <response_label ident="text2qti_choice_963afcffd23a08ce9c4092309a8ec90c1c8f324acc9a6915116129a3fcec3139">
                <material>
                  <mattext texttype="text/html">&lt;p&gt;Extrusion pushes the metal, drawing pulls the metal&lt;/p&gt;</mattext>
                </material>
              </response_label>
              <response_label ident="text2qti_choice_02cf1e82efb1ba00633a17504e4a69ee82e34e58b19055f5f288cea9b8770e04">
                <material>
                  <mattext texttype="text/html">&lt;p&gt;Extrusion is done cold, drawing is done hot&lt;/p&gt;</mattext>
                </material>
              </response_label>
              <response_label ident="text2qti_choice_1b4ac4d7855a510494ce5581c8fdf16234358741f6ab7d516c0ecbf10917a504">
                <material>
                  <mattext texttype="text/html">&lt;p&gt;Extrusion produces wires, drawing produces profiles&lt;/p&gt;</mattext>
                </material>
              </response_label>
            </render_choice>
          </response_lid>
        </presentation>
        <resprocessing>
          <outcomes>
            <decvar maxvalue="100" minvalue="0" varname="SCORE" vartype="Decimal"/>
          </outcomes>
          <respcondition continue="No">
            <conditionvar>
              <varequal respident="response1">text2qti_choice_963afcffd23a08ce9c4092309a8ec90c1c8f324acc9a6915116129a3fcec3139</varequal>
            </conditionvar>
            <setvar action="Set" varname="SCORE">100</setvar>
          </respcondition>
        </resprocessing>
      </item>
    </section>
    </section>
  </assessment>
</questestinterop>
