<?xml version="1.0" encoding="UTF-8"?>
<questestinterop xmlns="http://www.imsglobal.org/xsd/ims_qtiasiv1p2" xmlns:xsi="http://www.w3.org/2001/XMLSchema-instance" xsi:schemaLocation="http://www.imsglobal.org/xsd/ims_qtiasiv1p2 http://www.imsglobal.org/xsd/ims_qtiasiv1p2p1.xsd">
  <assessment ident="text2qti_assessment_ad496a097ecaeda2dbb30658472ccc0e2612fb1836f156e8ce61c003494a196f" title="Ejercicio interactivo sobre el hierro">
    <qtimetadata>
      <qtimetadatafield>
        <fieldlabel>cc_maxattempts</fieldlabel>
        <fieldentry>1</fieldentry>
      </qtimetadatafield>
    </qtimetadata>
    <section ident="root_section">
    <section ident="text2qti_group_39b463bf5c7a37d4b84adf86712c700f610bf7d3a8063e5516768e5ada53ba4c" title="Group">
      <selection_ordering>
        <selection>
          <selection_number>1</selection_number>
          <selection_extension>
            <points_per_item>1</points_per_item>
          </selection_extension>
        </selection>
      </selection_ordering>
      <item ident="text2qti_question_c24155e317f7cb1f162c9415d66f2eb1b564158db3e42f126b89e1c3e3289316" title="Question">
        <itemmetadata>
          <qtimetadata>
            <qtimetadatafield>
              <fieldlabel>question_type</fieldlabel>
              <fieldentry>multiple_choice_question</fieldentry>
            </qtimetadatafield>
            <qtimetadatafield>
              <fieldlabel>points_possible</fieldlabel>
              <fieldentry>1</fieldentry>
            </qtimetadatafield>
            <qtimetadatafield>
              <fieldlabel>original_answer_ids</fieldlabel>
              <fieldentry>text2qti_choice_3e508c6228809c261aadba4c61bd466a8fd258239bf22bf03f94bcf39b1821fe,text2qti_choice_571e6b69b7860b9ea6b1a9768451410eca67be3d30fa03c69bba39c84e944503,text2qti_choice_9f89c0f823097f782a567f33c3ed7b113af0e31cf59d344a04469a614679e6e4,text2qti_choice_566165210ab27e12057da33afa33eb3b558eadebc6323f17927d678eadab73eb</fieldentry>
            </qtimetadatafield>
            <qtimetadatafield>
              <fieldlabel>assessment_question_identifierref</fieldlabel>
              <fieldentry>text2qti_question_ref_c24155e317f7cb1f162c9415d66f2eb1b564158db3e42f126b89e1c3e3289316</fieldentry>
            </qtimetadatafield>
          </qtimetadata>
        </itemmetadata>
        <presentation>
          <material>
            <mattext texttype="text/html">&lt;p&gt;Selecciona la opción correcta. ¿Cuál es la forma natural en la que se encuentra el hierro?&lt;/p&gt;</mattext>
          </material>
          <response_lid ident="response1" rcardinality="Single">
            <render_choice>
              <response_label ident="text2qti_choice_3e508c6228809c261aadba4c61bd466a8fd258239bf22bf03f94bcf39b1821fe">
                <material>
                  <mattext texttype="text/html">&lt;p&gt;Mineral de hierro&lt;/p&gt;</mattext>
                </material>
              </response_label>
              <response_label ident="text2qti_choice_571e6b69b7860b9ea6b1a9768451410eca67be3d30fa03c69bba39c84e944503">
                <material>
                  <mattext texttype="text/html">&lt;p&gt;Hierro fundido&lt;/p&gt;</mattext>
                </material>
              </response_label>
              <response_label ident="text2qti_choice_9f89c0f823097f782a567f33c3ed7b113af0e31cf59d344a04469a614679e6e4">
                <material>
                  <mattext texttype="text/html">&lt;p&gt;Acero&lt;/p&gt;</mattext>
                </material>
              </response_label>
              <response_label ident="text2qti_choice_566165210ab27e12057da33afa33eb3b558eadebc6323f17927d678eadab73eb">
                <material>
                  <mattext texttype="text/html">&lt;p&gt;Arrabio&lt;/p&gt;</mattext>
                </material>
              </response_label>
            </render_choice>
          </response_lid>
        </presentation>
        <resprocessing>
          <outcomes>
            <decvar maxvalue="100" minvalue="0" varname="SCORE" vartype="Decimal"/>
          </outcomes>
          <respcondition continue="No">
            <conditionvar>
              <varequal respident="response1">text2qti_choice_3e508c6228809c261aadba4c61bd466a8fd258239bf22bf03f94bcf39b1821fe</varequal>
            </conditionvar>
            <setvar action="Set" varname="SCORE">100</setvar>
          </respcondition>
        </resprocessing>
      </item>
      <item ident="text2qti_question_e65308a131e3679cf09f76329d1cc065e1d963303c8fff10ab0128faa93168f5" title="Question">
        <itemmetadata>
          <qtimetadata>
            <qtimetadatafield>
              <fieldlabel>question_type</fieldlabel>
              <fieldentry>multiple_answers_question</fieldentry>
            </qtimetadatafield>
            <qtimetadatafield>
              <fieldlabel>points_possible</fieldlabel>
              <fieldentry>1</fieldentry>
            </qtimetadatafield>
            <qtimetadatafield>
              <fieldlabel>original_answer_ids</fieldlabel>
              <fieldentry>text2qti_choice_12340cfaadde79f3b5d89cec90a5bfab356da7d189b0af643ac600d6386bf9bc,text2qti_choice_40c631748de05c31c01934c1feb046671006bdcf5cd39ced01056a98b967aedc,text2qti_choice_c7f7dc2fd304e764390b5c09da74b344c0707da3f6b56acab18df74de1e4249a,text2qti_choice_3fdad72fa08ed7c820609b85e90ad50f8a7c328aaca6e96e5ce8673b6d9f527a</fieldentry>
            </qtimetadatafield>
            <qtimetadatafield>
              <fieldlabel>assessment_question_identifierref</fieldlabel>
              <fieldentry>text2qti_question_ref_e65308a131e3679cf09f76329d1cc065e1d963303c8fff10ab0128faa93168f5</fieldentry>
            </qtimetadatafield>
          </qtimetadata>
        </itemmetadata>
        <presentation>
          <material>
            <mattext texttype="text/html">&lt;p&gt;Elige todas las opciones correctas. El mineral de hierro es una roca que contiene:&lt;/p&gt;</mattext>
          </material>
          <response_lid ident="response1" rcardinality="Multiple">
            <render_choice>
              <response_label ident="text2qti_choice_12340cfaadde79f3b5d89cec90a5bfab356da7d189b0af643ac600d6386bf9bc">
                <material>
                  <mattext texttype="text/html">&lt;p&gt;Hierro&lt;/p&gt;</mattext>
                </material>
              </response_label>
              <response_label ident="text2qti_choice_40c631748de05c31c01934c1feb046671006bdcf5cd39ced01056a98b967aedc">
                <material>
                  <mattext texttype="text/html">&lt;p&gt;Oxígeno&lt;/p&gt;</mattext>
                </material>
              </response_label>
              <response_label ident="text2qti_choice_c7f7dc2fd304e764390b5c09da74b344c0707da3f6b56acab18df74de1e4249a">
                <material>
                  <mattext texttype="text/html">&lt;p&gt;Madera&lt;/p&gt;</mattext>
                </material>
              </response_label>
              <response_label ident="text2qti_choice_3fdad72fa08ed7c820609b85e90ad50f8a7c328aaca6e96e5ce8673b6d9f527a">
                <material>
                  <mattext texttype="text/html">&lt;p&gt;Plástico&lt;/p&gt;</mattext>
                </material>
              </response_label>
            </render_choice>
          </response_lid>
        </presentation>
        <resprocessing>
          <outcomes>
            <decvar maxvalue="100" minvalue="0" varname="SCORE" vartype="Decimal"/>
          </outcomes>
          <respcondition continue="No">
            <conditionvar>
              <and>
                <varequal respident="response1">text2qti_choice_12340cfaadde79f3b5d89cec90a5bfab356da7d189b0af643ac600d6386bf9bc</varequal>
                <varequal respident="response1">text2qti_choice_40c631748de05c31c01934c1feb046671006bdcf5cd39ced01056a98b967aedc</varequal>
                <not>
                  <varequal respident="response1">text2qti_choice_c7f7dc2fd304e764390b5c09da74b344c0707da3f6b56acab18df74de1e4249a</varequal>
                </not>
                <not>
                  <varequal respident="response1">text2qti_choice_3fdad72fa08ed7c820609b85e90ad50f8a7c328aaca6e96e5ce8673b6d9f527a</varequal>
                </not>
              </and>
            </conditionvar>
            <setvar action="Set" varname="SCORE">100</setvar>
          </respcondition>
        </resprocessing>
      </item>
      <item ident="text2qti_question_509786e4f5fe5a290be6ee8231aaf027f03f201873e4c171a3765ad26f50cb2c" title="Question">
        <itemmetadata>
          <qtimetadata>
            <qtimetadatafield>
              <fieldlabel>question_type</fieldlabel>
              <fieldentry>multiple_choice_question</fieldentry>
            </qtimetadatafield>
            <qtimetadatafield>
              <fieldlabel>points_possible</fieldlabel>
              <fieldentry>1</fieldentry>
            </qtimetadatafield>
            <qtimetadatafield>
              <fieldlabel>original_answer_ids</fieldlabel>
              <fieldentry>text2qti_choice_224b34ab318a2126ecf81579fa37d212688b012b3e934ddedcc323ac9fa2338e,text2qti_choice_a99ea32c11dbc3526273fdc025f8b93475597962f9a47e45a501a176158739e5,text2qti_choice_028ea8345596e231baca67a9995dd3d2a027e7563bbaa884ec5c2a371033d989,text2qti_choice_0d000e38ffb75b5f622b109a2ef12e5594dacdd5e61498c0b43cc41afe7af8a9</fieldentry>
            </qtimetadatafield>
            <qtimetadatafield>
              <fieldlabel>assessment_question_identifierref</fieldlabel>
              <fieldentry>text2qti_question_ref_509786e4f5fe5a290be6ee8231aaf027f03f201873e4c171a3765ad26f50cb2c</fieldentry>
            </qtimetadatafield>
          </qtimetadata>
        </itemmetadata>
        <presentation>
          <material>
            <mattext texttype="text/html">&lt;p&gt;¿Por qué el mineral de hierro no puede usarse directamente para fabricar herramientas?&lt;/p&gt;</mattext>
          </material>
          <response_lid ident="response1" rcardinality="Single">
            <render_choice>
              <response_label ident="text2qti_choice_224b34ab318a2126ecf81579fa37d212688b012b3e934ddedcc323ac9fa2338e">
                <material>
                  <mattext texttype="text/html">&lt;p&gt;Porque está combinado con oxígeno e impurezas&lt;/p&gt;</mattext>
                </material>
              </response_label>
              <response_label ident="text2qti_choice_a99ea32c11dbc3526273fdc025f8b93475597962f9a47e45a501a176158739e5">
                <material>
                  <mattext texttype="text/html">&lt;p&gt;Porque es demasiado blando&lt;/p&gt;</mattext>
                </material>
              </response_label>
              <response_label ident="text2qti_choice_028ea8345596e231baca67a9995dd3d2a027e7563bbaa884ec5c2a371033d989">
                <material>
                  <mattext texttype="text/html">&lt;p&gt;Porque ya es acero&lt;/p&gt;</mattext>
                </material>
              </response_label>
              <response_label ident="text2qti_choice_0d000e38ffb75b5f622b109a2ef12e5594dacdd5e61498c0b43cc41afe7af8a9">
                <material>
                  <mattext texttype="text/html">&lt;p&gt;Porque tiene demasiado carbono&lt;/p&gt;</mattext>
                </material>
              </response_label>
            </render_choice>
          </response_lid>
        </presentation>
        <resprocessing>
          <outcomes>
            <decvar maxvalue="100" minvalue="0" varname="SCORE" vartype="Decimal"/>
          </outcomes>
          <respcondition continue="No">
            <conditionvar>
              <varequal respident="response1">text2qti_choice_224b34ab318a2126ecf81579fa37d212688b012b3e934ddedcc323ac9fa2338e</varequal>
            </conditionvar>
            <setvar action="Set" varname="SCORE">100</setvar>
          </respcondition>
        </resprocessing>
      </item>
    </section>
    <section ident="text2qti_group_5fc7126a6e833036ff8d485459e1a7645373e4b4ce12e71405b210b6712fdbd7" title="Group">
      <selection_ordering>
        <selection>
          <selection_number>2</selection_number>
          <selection_extension>
            <points_per_item>1</points_per_item>
          </selection_extension>
        </selection>
      </selection_ordering>
      <item ident="text2qti_question_2ae214dfcfa239b904456b4edb9242703ec623ac0682c3808c192e4d761f0197" title="Question">
        <itemmetadata>
          <qtimetadata>
            <qtimetadatafield>
              <fieldlabel>question_type</fieldlabel>
              <fieldentry>multiple_choice_question</fieldentry>
            </qtimetadatafield>
            <qtimetadatafield>
              <fieldlabel>points_possible</fieldlabel>
              <fieldentry>1</fieldentry>
            </qtimetadatafield>
            <qtimetadatafield>
              <fieldlabel>original_answer_ids</fieldlabel>
              <fieldentry>text2qti_choice_38704123d5994fd2ac756fdac851c65a10ab6fb079697ae5e310badcc3a451f1,text2qti_choice_499cec0bce6461ae236e3efe1d7a4a5a24e9536c5a27898373e971abddab42cd,text2qti_choice_e05affbfca58bca1e24f8a6fdd91ca061b28b6ca876c9d290fe41e330c35fae8,text2qti_choice_7ff04ce7de0cb37ecb94f2c9e42509e529b224f178b953391b24e0fc920f0d1c</fieldentry>
            </qtimetadatafield>
            <qtimetadatafield>
              <fieldlabel>assessment_question_identifierref</fieldlabel>
              <fieldentry>text2qti_question_ref_2ae214dfcfa239b904456b4edb9242703ec623ac0682c3808c192e4d761f0197</fieldentry>
            </qtimetadatafield>
          </qtimetadata>
        </itemmetadata>
        <presentation>
          <material>
            <mattext texttype="text/html">&lt;p&gt;Selecciona la opción correcta. El coque se obtiene de:&lt;/p&gt;</mattext>
          </material>
          <response_lid ident="response1" rcardinality="Single">
            <render_choice>
              <response_label ident="text2qti_choice_38704123d5994fd2ac756fdac851c65a10ab6fb079697ae5e310badcc3a451f1">
                <material>
                  <mattext texttype="text/html">&lt;p&gt;Calentar carbón mineral en hornos sin oxígeno&lt;/p&gt;</mattext>
                </material>
              </response_label>
              <response_label ident="text2qti_choice_499cec0bce6461ae236e3efe1d7a4a5a24e9536c5a27898373e971abddab42cd">
                <material>
                  <mattext texttype="text/html">&lt;p&gt;Fundir hierro en un horno&lt;/p&gt;</mattext>
                </material>
              </response_label>
              <response_label ident="text2qti_choice_e05affbfca58bca1e24f8a6fdd91ca061b28b6ca876c9d290fe41e330c35fae8">
                <material>
                  <mattext texttype="text/html">&lt;p&gt;Mezclar hierro con caliza&lt;/p&gt;</mattext>
                </material>
              </response_label>
              <response_label ident="text2qti_choice_7ff04ce7de0cb37ecb94f2c9e42509e529b224f178b953391b24e0fc920f0d1c">
                <material>
                  <mattext texttype="text/html">&lt;p&gt;Combinar carbono con oxígeno&lt;/p&gt;</mattext>
                </material>
              </response_label>
            </render_choice>
          </response_lid>
        </presentation>
        <resprocessing>
          <outcomes>
            <decvar maxvalue="100" minvalue="0" varname="SCORE" vartype="Decimal"/>
          </outcomes>
          <respcondition continue="No">
            <conditionvar>
              <varequal respident="response1">text2qti_choice_38704123d5994fd2ac756fdac851c65a10ab6fb079697ae5e310badcc3a451f1</varequal>
            </conditionvar>
            <setvar action="Set" varname="SCORE">100</setvar>
          </respcondition>
        </resprocessing>
      </item>
      <item ident="text2qti_question_27e4a987133120af1e5e83e62ccc50321aaee521b161372b47a5415e976b0745" title="Question">
        <itemmetadata>
          <qtimetadata>
            <qtimetadatafield>
              <fieldlabel>question_type</fieldlabel>
              <fieldentry>multiple_answers_question</fieldentry>
            </qtimetadatafield>
            <qtimetadatafield>
              <fieldlabel>points_possible</fieldlabel>
              <fieldentry>1</fieldentry>
            </qtimetadatafield>
            <qtimetadatafield>
              <fieldlabel>original_answer_ids</fieldlabel>
              <fieldentry>text2qti_choice_01ecef031171b554e490c0ae448e917922ef059e8701f01b01364ca811d6956a,text2qti_choice_7cc400c3a116e0636d4be8021a94f1223263f1edaf204b554f395fcbed277793,text2qti_choice_f2968a9b6acb32b698fc392ac488d150873d1166c8c302e7d937bb69650b7c44,text2qti_choice_a2f3b70d78d5cd56beed472f4ad8b2b6b1344f38cbbad3647052a1863285d9b5</fieldentry>
            </qtimetadatafield>
            <qtimetadatafield>
              <fieldlabel>assessment_question_identifierref</fieldlabel>
              <fieldentry>text2qti_question_ref_27e4a987133120af1e5e83e62ccc50321aaee521b161372b47a5415e976b0745</fieldentry>
            </qtimetadatafield>
          </qtimetadata>
        </itemmetadata>
        <presentation>
          <material>
            <mattext texttype="text/html">&lt;p&gt;Elige todas las opciones correctas. En la obtención del hierro, el coque:&lt;/p&gt;</mattext>
          </material>
          <response_lid ident="response1" rcardinality="Multiple">
            <render_choice>
              <response_label ident="text2qti_choice_01ecef031171b554e490c0ae448e917922ef059e8701f01b01364ca811d6956a">
                <material>
                  <mattext texttype="text/html">&lt;p&gt;Genera calor para fundir el mineral&lt;/p&gt;</mattext>
                </material>
              </response_label>
              <response_label ident="text2qti_choice_7cc400c3a116e0636d4be8021a94f1223263f1edaf204b554f395fcbed277793">
                <material>
                  <mattext texttype="text/html">&lt;p&gt;Produce monóxido de carbono que ayuda a separar el oxígeno&lt;/p&gt;</mattext>
                </material>
              </response_label>
              <response_label ident="text2qti_choice_f2968a9b6acb32b698fc392ac488d150873d1166c8c302e7d937bb69650b7c44">
                <material>
                  <mattext texttype="text/html">&lt;p&gt;Reduce la caliza&lt;/p&gt;</mattext>
                </material>
              </response_label>
              <response_label ident="text2qti_choice_a2f3b70d78d5cd56beed472f4ad8b2b6b1344f38cbbad3647052a1863285d9b5">
                <material>
                  <mattext texttype="text/html">&lt;p&gt;Aumenta el contenido de impurezas&lt;/p&gt;</mattext>
                </material>
              </response_label>
            </render_choice>
          </response_lid>
        </presentation>
        <resprocessing>
          <outcomes>
            <decvar maxvalue="100" minvalue="0" varname="SCORE" vartype="Decimal"/>
          </outcomes>
          <respcondition continue="No">
            <conditionvar>
              <and>
                <varequal respident="response1">text2qti_choice_01ecef031171b554e490c0ae448e917922ef059e8701f01b01364ca811d6956a</varequal>
                <varequal respident="response1">text2qti_choice_7cc400c3a116e0636d4be8021a94f1223263f1edaf204b554f395fcbed277793</varequal>
                <not>
                  <varequal respident="response1">text2qti_choice_f2968a9b6acb32b698fc392ac488d150873d1166c8c302e7d937bb69650b7c44</varequal>
                </not>
                <not>
                  <varequal respident="response1">text2qti_choice_a2f3b70d78d5cd56beed472f4ad8b2b6b1344f38cbbad3647052a1863285d9b5</varequal>
                </not>
              </and>
            </conditionvar>
            <setvar action="Set" varname="SCORE">100</setvar>
          </respcondition>
        </resprocessing>
      </item>
      <item ident="text2qti_question_14361ce9a42c02ac9d5ec9f8b2cf07253c3172cfbaa1713ce535b68144284bb3" title="Question">
        <itemmetadata>
          <qtimetadata>
            <qtimetadatafield>
              <fieldlabel>question_type</fieldlabel>
              <fieldentry>short_answer_question</fieldentry>
            </qtimetadatafield>
            <qtimetadatafield>
              <fieldlabel>points_possible</fieldlabel>
              <fieldentry>1</fieldentry>
            </qtimetadatafield>
            <qtimetadatafield>
              <fieldlabel>original_answer_ids</fieldlabel>
              <fieldentry>text2qti_choice_81b585332cd21c1997bee8510698c59ea1fc6e99b37de9d88083567f01100efb,text2qti_choice_0918e8e1cff8ec6deb4b881e06e5b9e0dcdbd06f6a2b1312849beae4da455757</fieldentry>
            </qtimetadatafield>
            <qtimetadatafield>
              <fieldlabel>assessment_question_identifierref</fieldlabel>
              <fieldentry>text2qti_question_ref_14361ce9a42c02ac9d5ec9f8b2cf07253c3172cfbaa1713ce535b68144284bb3</fieldentry>
            </qtimetadatafield>
          </qtimetadata>
        </itemmetadata>
        <presentation>
          <material>
            <mattext texttype="text/html">&lt;p&gt;¿Cómo se llama el gas que se produce al quemar coque y ayuda en la reducción del hierro? La respuesta tiene tres palabras, estar ortográficamente correcta y debe ir en minúsculas.&lt;/p&gt;</mattext>
          </material>
          <response_str ident="response1" rcardinality="Single">
            <render_fib>
              <response_label ident="answer1" rshuffle="No"/>
            </render_fib>
          </response_str>
        </presentation>
        <resprocessing>
          <outcomes>
            <decvar maxvalue="100" minvalue="0" varname="SCORE" vartype="Decimal"/>
          </outcomes>
          <respcondition continue="No">
            <conditionvar>
              <varequal respident="response1">Monóxido de carbono</varequal>
              <varequal respident="response1">monóxido de carbono</varequal>
            </conditionvar>
            <setvar action="Set" varname="SCORE">100</setvar>
          </respcondition>
        </resprocessing>
      </item>
      <item ident="text2qti_question_46eaa6973f6ee6ab6596d7ccfb1b218b1338d1aea1219dd8bf970c4a2b877403" title="Question">
        <itemmetadata>
          <qtimetadata>
            <qtimetadatafield>
              <fieldlabel>question_type</fieldlabel>
              <fieldentry>multiple_choice_question</fieldentry>
            </qtimetadatafield>
            <qtimetadatafield>
              <fieldlabel>points_possible</fieldlabel>
              <fieldentry>1</fieldentry>
            </qtimetadatafield>
            <qtimetadatafield>
              <fieldlabel>original_answer_ids</fieldlabel>
              <fieldentry>text2qti_choice_b1cf15c215a9cb03e8e0ea8f1f23751e11c14af3661f74865bcb0e39beb95688,text2qti_choice_6c0870421969eead6e34c1f16d223894b2edaac19d07a53ce11fb35b91edd227,text2qti_choice_3b7fb464add23df07ba5e92650c25ffc83a71941a3f17a4d12f8511abbf50dc8,text2qti_choice_88501c2c6e2124dbc34385f63c9173193c2fa4f0f86a138861c4e013ceb8e2e2</fieldentry>
            </qtimetadatafield>
            <qtimetadatafield>
              <fieldlabel>assessment_question_identifierref</fieldlabel>
              <fieldentry>text2qti_question_ref_46eaa6973f6ee6ab6596d7ccfb1b218b1338d1aea1219dd8bf970c4a2b877403</fieldentry>
            </qtimetadatafield>
          </qtimetadata>
        </itemmetadata>
        <presentation>
          <material>
            <mattext texttype="text/html">&lt;p&gt;Selecciona la opción correcta. La reducción del hierro consiste en:&lt;/p&gt;</mattext>
          </material>
          <response_lid ident="response1" rcardinality="Single">
            <render_choice>
              <response_label ident="text2qti_choice_b1cf15c215a9cb03e8e0ea8f1f23751e11c14af3661f74865bcb0e39beb95688">
                <material>
                  <mattext texttype="text/html">&lt;p&gt;Separar el oxígeno del hierro&lt;/p&gt;</mattext>
                </material>
              </response_label>
              <response_label ident="text2qti_choice_6c0870421969eead6e34c1f16d223894b2edaac19d07a53ce11fb35b91edd227">
                <material>
                  <mattext texttype="text/html">&lt;p&gt;Mezclar hierro con carbono&lt;/p&gt;</mattext>
                </material>
              </response_label>
              <response_label ident="text2qti_choice_3b7fb464add23df07ba5e92650c25ffc83a71941a3f17a4d12f8511abbf50dc8">
                <material>
                  <mattext texttype="text/html">&lt;p&gt;Fundir la escoria&lt;/p&gt;</mattext>
                </material>
              </response_label>
              <response_label ident="text2qti_choice_88501c2c6e2124dbc34385f63c9173193c2fa4f0f86a138861c4e013ceb8e2e2">
                <material>
                  <mattext texttype="text/html">&lt;p&gt;Aumentar el contenido de carbono&lt;/p&gt;</mattext>
                </material>
              </response_label>
            </render_choice>
          </response_lid>
        </presentation>
        <resprocessing>
          <outcomes>
            <decvar maxvalue="100" minvalue="0" varname="SCORE" vartype="Decimal"/>
          </outcomes>
          <respcondition continue="No">
            <conditionvar>
              <varequal respident="response1">text2qti_choice_b1cf15c215a9cb03e8e0ea8f1f23751e11c14af3661f74865bcb0e39beb95688</varequal>
            </conditionvar>
            <setvar action="Set" varname="SCORE">100</setvar>
          </respcondition>
        </resprocessing>
      </item>
      <item ident="text2qti_question_5435fda320b58caf14e312dd3e7897a80ec36cff86eed9d4ed600d6e58483ee6" title="Question">
        <itemmetadata>
          <qtimetadata>
            <qtimetadatafield>
              <fieldlabel>question_type</fieldlabel>
              <fieldentry>multiple_answers_question</fieldentry>
            </qtimetadatafield>
            <qtimetadatafield>
              <fieldlabel>points_possible</fieldlabel>
              <fieldentry>1</fieldentry>
            </qtimetadatafield>
            <qtimetadatafield>
              <fieldlabel>original_answer_ids</fieldlabel>
              <fieldentry>text2qti_choice_d53412e63edba80f72076495e057496432ac63e68fcabb6e115c1e9b9de39dec,text2qti_choice_f26290737db3a4ace34f385d8ca0e71815cbde36f7ab20444b68b1be5f66a602,text2qti_choice_67af4f6d670b2ec014e5ae5af083d69e947c95d6f0cc21a1832ff13d416ffc8f,text2qti_choice_33063e32654396731a8e3a774c0562937ebb32ab46a62ca43597e34f3eed4d24</fieldentry>
            </qtimetadatafield>
            <qtimetadatafield>
              <fieldlabel>assessment_question_identifierref</fieldlabel>
              <fieldentry>text2qti_question_ref_5435fda320b58caf14e312dd3e7897a80ec36cff86eed9d4ed600d6e58483ee6</fieldentry>
            </qtimetadatafield>
          </qtimetadata>
        </itemmetadata>
        <presentation>
          <material>
            <mattext texttype="text/html">&lt;p&gt;Elige todas las opciones correctas. Durante la reducción:&lt;/p&gt;</mattext>
          </material>
          <response_lid ident="response1" rcardinality="Multiple">
            <render_choice>
              <response_label ident="text2qti_choice_d53412e63edba80f72076495e057496432ac63e68fcabb6e115c1e9b9de39dec">
                <material>
                  <mattext texttype="text/html">&lt;p&gt;CO reacciona con el oxígeno del mineral&lt;/p&gt;</mattext>
                </material>
              </response_label>
              <response_label ident="text2qti_choice_f26290737db3a4ace34f385d8ca0e71815cbde36f7ab20444b68b1be5f66a602">
                <material>
                  <mattext texttype="text/html">&lt;p&gt;Se forma CO₂ que se libera&lt;/p&gt;</mattext>
                </material>
              </response_label>
              <response_label ident="text2qti_choice_67af4f6d670b2ec014e5ae5af083d69e947c95d6f0cc21a1832ff13d416ffc8f">
                <material>
                  <mattext texttype="text/html">&lt;p&gt;El hierro se convierte en acero directamente&lt;/p&gt;</mattext>
                </material>
              </response_label>
              <response_label ident="text2qti_choice_33063e32654396731a8e3a774c0562937ebb32ab46a62ca43597e34f3eed4d24">
                <material>
                  <mattext texttype="text/html">&lt;p&gt;La caliza se transforma en monóxido de carbono&lt;/p&gt;</mattext>
                </material>
              </response_label>
            </render_choice>
          </response_lid>
        </presentation>
        <resprocessing>
          <outcomes>
            <decvar maxvalue="100" minvalue="0" varname="SCORE" vartype="Decimal"/>
          </outcomes>
          <respcondition continue="No">
            <conditionvar>
              <and>
                <varequal respident="response1">text2qti_choice_d53412e63edba80f72076495e057496432ac63e68fcabb6e115c1e9b9de39dec</varequal>
                <varequal respident="response1">text2qti_choice_f26290737db3a4ace34f385d8ca0e71815cbde36f7ab20444b68b1be5f66a602</varequal>
                <not>
                  <varequal respident="response1">text2qti_choice_67af4f6d670b2ec014e5ae5af083d69e947c95d6f0cc21a1832ff13d416ffc8f</varequal>
                </not>
                <not>
                  <varequal respident="response1">text2qti_choice_33063e32654396731a8e3a774c0562937ebb32ab46a62ca43597e34f3eed4d24</varequal>
                </not>
              </and>
            </conditionvar>
            <setvar action="Set" varname="SCORE">100</setvar>
          </respcondition>
        </resprocessing>
      </item>
    </section>
    <section ident="text2qti_group_120ac3c15b9d11b0dacaaebbaeadc95950e3e707aee3c84092ff2ddf50b28777" title="Group">
      <selection_ordering>
        <selection>
          <selection_number>1</selection_number>
          <selection_extension>
            <points_per_item>1</points_per_item>
          </selection_extension>
        </selection>
      </selection_ordering>
      <item ident="text2qti_question_3ec40f7e8a4a43646bf2c3cdae789d197b2b099d8743b8a9aff00c77bbe717ed" title="Question">
        <itemmetadata>
          <qtimetadata>
            <qtimetadatafield>
              <fieldlabel>question_type</fieldlabel>
              <fieldentry>short_answer_question</fieldentry>
            </qtimetadatafield>
            <qtimetadatafield>
              <fieldlabel>points_possible</fieldlabel>
              <fieldentry>1</fieldentry>
            </qtimetadatafield>
            <qtimetadatafield>
              <fieldlabel>original_answer_ids</fieldlabel>
              <fieldentry>text2qti_choice_f09dc7d8c405200e072222b8baa97247ed2b4a886f9da3b667c8e786cec9fba6,text2qti_choice_7324d6db1edb2a0eabd56240eed795fe4f70b881a50c22e286453f2d46af3ddc</fieldentry>
            </qtimetadatafield>
            <qtimetadatafield>
              <fieldlabel>assessment_question_identifierref</fieldlabel>
              <fieldentry>text2qti_question_ref_3ec40f7e8a4a43646bf2c3cdae789d197b2b099d8743b8a9aff00c77bbe717ed</fieldentry>
            </qtimetadatafield>
          </qtimetadata>
        </itemmetadata>
        <presentation>
          <material>
            <mattext texttype="text/html">&lt;p&gt;¿De qué &amp;ldquo;materiales&amp;rdquo; está revestido por dentro un alto horno? Responde con una sola palabra en minúscula.&lt;/p&gt;</mattext>
          </material>
          <response_str ident="response1" rcardinality="Single">
            <render_fib>
              <response_label ident="answer1" rshuffle="No"/>
            </render_fib>
          </response_str>
        </presentation>
        <resprocessing>
          <outcomes>
            <decvar maxvalue="100" minvalue="0" varname="SCORE" vartype="Decimal"/>
          </outcomes>
          <respcondition continue="No">
            <conditionvar>
              <varequal respident="response1">refactarios</varequal>
              <varequal respident="response1">Refractarios</varequal>
            </conditionvar>
            <setvar action="Set" varname="SCORE">100</setvar>
          </respcondition>
        </resprocessing>
      </item>
      <item ident="text2qti_question_ef6ff5ff9f0e85f9765568f1ff3a9b4aebc975f01ad2267f9fd26d9094f884ad" title="Question">
        <itemmetadata>
          <qtimetadata>
            <qtimetadatafield>
              <fieldlabel>question_type</fieldlabel>
              <fieldentry>multiple_choice_question</fieldentry>
            </qtimetadatafield>
            <qtimetadatafield>
              <fieldlabel>points_possible</fieldlabel>
              <fieldentry>1</fieldentry>
            </qtimetadatafield>
            <qtimetadatafield>
              <fieldlabel>original_answer_ids</fieldlabel>
              <fieldentry>text2qti_choice_e6adf3f2220553d97243f141209e1a8b420b6b9ca52003866a08c495a58e95b0,text2qti_choice_78279648bd21b81c63611cc2442ea055925955c68cb3f59493577de55bd4431a,text2qti_choice_e2511629abf4baedfa5669a3079f8fe1e963fc3f0997d607540526d1fe7a4a03,text2qti_choice_cd3b2e2eb87d3e93e8d9465b54f9c7a4658abe2d3ac44d1a56ab5f198afb45d6</fieldentry>
            </qtimetadatafield>
            <qtimetadatafield>
              <fieldlabel>assessment_question_identifierref</fieldlabel>
              <fieldentry>text2qti_question_ref_ef6ff5ff9f0e85f9765568f1ff3a9b4aebc975f01ad2267f9fd26d9094f884ad</fieldentry>
            </qtimetadatafield>
          </qtimetadata>
        </itemmetadata>
        <presentation>
          <material>
            <mattext texttype="text/html">&lt;p&gt;Selecciona la opción correcta. La función principal del alto horno es:&lt;/p&gt;</mattext>
          </material>
          <response_lid ident="response1" rcardinality="Single">
            <render_choice>
              <response_label ident="text2qti_choice_e6adf3f2220553d97243f141209e1a8b420b6b9ca52003866a08c495a58e95b0">
                <material>
                  <mattext texttype="text/html">&lt;p&gt;Fundir el mineral de hierro y separar impurezas&lt;/p&gt;</mattext>
                </material>
              </response_label>
              <response_label ident="text2qti_choice_78279648bd21b81c63611cc2442ea055925955c68cb3f59493577de55bd4431a">
                <material>
                  <mattext texttype="text/html">&lt;p&gt;Fabricar acero directamente&lt;/p&gt;</mattext>
                </material>
              </response_label>
              <response_label ident="text2qti_choice_e2511629abf4baedfa5669a3079f8fe1e963fc3f0997d607540526d1fe7a4a03">
                <material>
                  <mattext texttype="text/html">&lt;p&gt;Transformar coque en carbón&lt;/p&gt;</mattext>
                </material>
              </response_label>
              <response_label ident="text2qti_choice_cd3b2e2eb87d3e93e8d9465b54f9c7a4658abe2d3ac44d1a56ab5f198afb45d6">
                <material>
                  <mattext texttype="text/html">&lt;p&gt;Reducir el carbono del arrabio&lt;/p&gt;</mattext>
                </material>
              </response_label>
            </render_choice>
          </response_lid>
        </presentation>
        <resprocessing>
          <outcomes>
            <decvar maxvalue="100" minvalue="0" varname="SCORE" vartype="Decimal"/>
          </outcomes>
          <respcondition continue="No">
            <conditionvar>
              <varequal respident="response1">text2qti_choice_e6adf3f2220553d97243f141209e1a8b420b6b9ca52003866a08c495a58e95b0</varequal>
            </conditionvar>
            <setvar action="Set" varname="SCORE">100</setvar>
          </respcondition>
        </resprocessing>
      </item>
      <item ident="text2qti_question_53b63b2cf79169d9cefddb270352411c586eec3e8b8c6b294f77d1dd56e3a332" title="Question">
        <itemmetadata>
          <qtimetadata>
            <qtimetadatafield>
              <fieldlabel>question_type</fieldlabel>
              <fieldentry>multiple_answers_question</fieldentry>
            </qtimetadatafield>
            <qtimetadatafield>
              <fieldlabel>points_possible</fieldlabel>
              <fieldentry>1</fieldentry>
            </qtimetadatafield>
            <qtimetadatafield>
              <fieldlabel>original_answer_ids</fieldlabel>
              <fieldentry>text2qti_choice_b075b1c0c563f377e1f72295cd264c6e1351760a8ba278e736e20cf86d4befca,text2qti_choice_8f5b1b21d167f6b76aa89b8d067aef3fb65ef437eec3eeeb59d5741269a14146,text2qti_choice_0fbf2a66413419c40ba517877d7da4cf15c519e8a7b3113aa9798d3a5029d9e2,text2qti_choice_6be7800dee8e216074f8f05b016f36bdf3c04ea5bda8b0063c32669a25c7980a,text2qti_choice_776ffa4c7e9cff99266177938d3175bc1663f40ea42cdcf33054545098875ef0</fieldentry>
            </qtimetadatafield>
            <qtimetadatafield>
              <fieldlabel>assessment_question_identifierref</fieldlabel>
              <fieldentry>text2qti_question_ref_53b63b2cf79169d9cefddb270352411c586eec3e8b8c6b294f77d1dd56e3a332</fieldentry>
            </qtimetadatafield>
          </qtimetadata>
        </itemmetadata>
        <presentation>
          <material>
            <mattext texttype="text/html">&lt;p&gt;Elige todas las opciones correctas. En un alto horno se cargan:&lt;/p&gt;</mattext>
          </material>
          <response_lid ident="response1" rcardinality="Multiple">
            <render_choice>
              <response_label ident="text2qti_choice_b075b1c0c563f377e1f72295cd264c6e1351760a8ba278e736e20cf86d4befca">
                <material>
                  <mattext texttype="text/html">&lt;p&gt;Mineral de hierro&lt;/p&gt;</mattext>
                </material>
              </response_label>
              <response_label ident="text2qti_choice_8f5b1b21d167f6b76aa89b8d067aef3fb65ef437eec3eeeb59d5741269a14146">
                <material>
                  <mattext texttype="text/html">&lt;p&gt;Coque&lt;/p&gt;</mattext>
                </material>
              </response_label>
              <response_label ident="text2qti_choice_0fbf2a66413419c40ba517877d7da4cf15c519e8a7b3113aa9798d3a5029d9e2">
                <material>
                  <mattext texttype="text/html">&lt;p&gt;Caliza&lt;/p&gt;</mattext>
                </material>
              </response_label>
              <response_label ident="text2qti_choice_6be7800dee8e216074f8f05b016f36bdf3c04ea5bda8b0063c32669a25c7980a">
                <material>
                  <mattext texttype="text/html">&lt;p&gt;Agua&lt;/p&gt;</mattext>
                </material>
              </response_label>
              <response_label ident="text2qti_choice_776ffa4c7e9cff99266177938d3175bc1663f40ea42cdcf33054545098875ef0">
                <material>
                  <mattext texttype="text/html">&lt;p&gt;Madera&lt;/p&gt;</mattext>
                </material>
              </response_label>
            </render_choice>
          </response_lid>
        </presentation>
        <resprocessing>
          <outcomes>
            <decvar maxvalue="100" minvalue="0" varname="SCORE" vartype="Decimal"/>
          </outcomes>
          <respcondition continue="No">
            <conditionvar>
              <and>
                <varequal respident="response1">text2qti_choice_b075b1c0c563f377e1f72295cd264c6e1351760a8ba278e736e20cf86d4befca</varequal>
                <varequal respident="response1">text2qti_choice_8f5b1b21d167f6b76aa89b8d067aef3fb65ef437eec3eeeb59d5741269a14146</varequal>
                <varequal respident="response1">text2qti_choice_0fbf2a66413419c40ba517877d7da4cf15c519e8a7b3113aa9798d3a5029d9e2</varequal>
                <not>
                  <varequal respident="response1">text2qti_choice_6be7800dee8e216074f8f05b016f36bdf3c04ea5bda8b0063c32669a25c7980a</varequal>
                </not>
                <not>
                  <varequal respident="response1">text2qti_choice_776ffa4c7e9cff99266177938d3175bc1663f40ea42cdcf33054545098875ef0</varequal>
                </not>
              </and>
            </conditionvar>
            <setvar action="Set" varname="SCORE">100</setvar>
          </respcondition>
        </resprocessing>
      </item>
      <item ident="text2qti_question_23c989a7cb77ed2c74bca58588391495e350516009f92904bcfb1086b5e7c9de" title="Question">
        <itemmetadata>
          <qtimetadata>
            <qtimetadatafield>
              <fieldlabel>question_type</fieldlabel>
              <fieldentry>short_answer_question</fieldentry>
            </qtimetadatafield>
            <qtimetadatafield>
              <fieldlabel>points_possible</fieldlabel>
              <fieldentry>1</fieldentry>
            </qtimetadatafield>
            <qtimetadatafield>
              <fieldlabel>original_answer_ids</fieldlabel>
              <fieldentry>text2qti_choice_7f08af956108232d2f8eabf86880aac71088416b3d9d6ddae567668b7c70b308,text2qti_choice_7260f4ccc4f52a6427547488768dfd1bdce83c33b8fde483b9c0414d188e3175</fieldentry>
            </qtimetadatafield>
            <qtimetadatafield>
              <fieldlabel>assessment_question_identifierref</fieldlabel>
              <fieldentry>text2qti_question_ref_23c989a7cb77ed2c74bca58588391495e350516009f92904bcfb1086b5e7c9de</fieldentry>
            </qtimetadatafield>
          </qtimetadata>
        </itemmetadata>
        <presentation>
          <material>
            <mattext texttype="text/html">&lt;p&gt;¿Cuál es la palabra que falta? Lo materiales refractarios soportan temperaturas de más de _____ grados centígrados.&lt;/p&gt;</mattext>
          </material>
          <response_str ident="response1" rcardinality="Single">
            <render_fib>
              <response_label ident="answer1" rshuffle="No"/>
            </render_fib>
          </response_str>
        </presentation>
        <resprocessing>
          <outcomes>
            <decvar maxvalue="100" minvalue="0" varname="SCORE" vartype="Decimal"/>
          </outcomes>
          <respcondition continue="No">
            <conditionvar>
              <varequal respident="response1">1.500</varequal>
              <varequal respident="response1">1500</varequal>
            </conditionvar>
            <setvar action="Set" varname="SCORE">100</setvar>
          </respcondition>
        </resprocessing>
      </item>
    </section>
    <section ident="text2qti_group_fab0db13a633925e1b6109c89cce69416fc1da72078546491165b898af5d0425" title="Group">
      <selection_ordering>
        <selection>
          <selection_number>1</selection_number>
          <selection_extension>
            <points_per_item>1</points_per_item>
          </selection_extension>
        </selection>
      </selection_ordering>
      <item ident="text2qti_question_a6ae5ca9c11a1315012096ea1699ac4ee21eb66ba493479abd5a0abceb7308f6" title="Question">
        <itemmetadata>
          <qtimetadata>
            <qtimetadatafield>
              <fieldlabel>question_type</fieldlabel>
              <fieldentry>multiple_choice_question</fieldentry>
            </qtimetadatafield>
            <qtimetadatafield>
              <fieldlabel>points_possible</fieldlabel>
              <fieldentry>1</fieldentry>
            </qtimetadatafield>
            <qtimetadatafield>
              <fieldlabel>original_answer_ids</fieldlabel>
              <fieldentry>text2qti_choice_e8ec0a8d036970e717361de1cc6f7aa5712e0eb3b84eacb3737a59d04ec57873,text2qti_choice_99a58cce40bf1a5693aba5a3781b8bd9d1d34125ed7c23a46cd4c2a68081c080,text2qti_choice_c99361b5cfcfeedd9ef5170d1c9f5fb1e08b969eb72ce3eb390ca2dada5e6955,text2qti_choice_f85bdb20b2d8c6e3357c3451127a229f64b0f70b4163b7e7705c88b91eca4440</fieldentry>
            </qtimetadatafield>
            <qtimetadatafield>
              <fieldlabel>assessment_question_identifierref</fieldlabel>
              <fieldentry>text2qti_question_ref_a6ae5ca9c11a1315012096ea1699ac4ee21eb66ba493479abd5a0abceb7308f6</fieldentry>
            </qtimetadatafield>
          </qtimetadata>
        </itemmetadata>
        <presentation>
          <material>
            <mattext texttype="text/html">&lt;p&gt;Selecciona la opción correcta. El arrabio básicamente es:&lt;/p&gt;</mattext>
          </material>
          <response_lid ident="response1" rcardinality="Single">
            <render_choice>
              <response_label ident="text2qti_choice_e8ec0a8d036970e717361de1cc6f7aa5712e0eb3b84eacb3737a59d04ec57873">
                <material>
                  <mattext texttype="text/html">&lt;p&gt;Una mezcla líquida de hierro y carbono&lt;/p&gt;</mattext>
                </material>
              </response_label>
              <response_label ident="text2qti_choice_99a58cce40bf1a5693aba5a3781b8bd9d1d34125ed7c23a46cd4c2a68081c080">
                <material>
                  <mattext texttype="text/html">&lt;p&gt;Hierro puro listo para herramientas&lt;/p&gt;</mattext>
                </material>
              </response_label>
              <response_label ident="text2qti_choice_c99361b5cfcfeedd9ef5170d1c9f5fb1e08b969eb72ce3eb390ca2dada5e6955">
                <material>
                  <mattext texttype="text/html">&lt;p&gt;Una forma de coque&lt;/p&gt;</mattext>
                </material>
              </response_label>
              <response_label ident="text2qti_choice_f85bdb20b2d8c6e3357c3451127a229f64b0f70b4163b7e7705c88b91eca4440">
                <material>
                  <mattext texttype="text/html">&lt;p&gt;Caliza fundida&lt;/p&gt;</mattext>
                </material>
              </response_label>
            </render_choice>
          </response_lid>
        </presentation>
        <resprocessing>
          <outcomes>
            <decvar maxvalue="100" minvalue="0" varname="SCORE" vartype="Decimal"/>
          </outcomes>
          <respcondition continue="No">
            <conditionvar>
              <varequal respident="response1">text2qti_choice_e8ec0a8d036970e717361de1cc6f7aa5712e0eb3b84eacb3737a59d04ec57873</varequal>
            </conditionvar>
            <setvar action="Set" varname="SCORE">100</setvar>
          </respcondition>
        </resprocessing>
      </item>
      <item ident="text2qti_question_326f6ae7e5ee66a2613daefbe0b07248caf72e08c658621d7bb0e5ffc27b47a8" title="Question">
        <itemmetadata>
          <qtimetadata>
            <qtimetadatafield>
              <fieldlabel>question_type</fieldlabel>
              <fieldentry>multiple_answers_question</fieldentry>
            </qtimetadatafield>
            <qtimetadatafield>
              <fieldlabel>points_possible</fieldlabel>
              <fieldentry>1</fieldentry>
            </qtimetadatafield>
            <qtimetadatafield>
              <fieldlabel>original_answer_ids</fieldlabel>
              <fieldentry>text2qti_choice_7426c3c7d07c60209368791fa1b18fcab84092369ba11ea40e4162d1b427d03b,text2qti_choice_2f0f0dffc1d4087d1081a6e09f1543ed8a472e6322f4f0bf76955a299931221f,text2qti_choice_d113def0067c993c722baec637489ca8ea9b9c8a70ff468cdf80ed50d74e2a23,text2qti_choice_7d951acdd0a4504570592ea79e1439af7dbec3a2f45bbc3c5e3a90c709f66e16</fieldentry>
            </qtimetadatafield>
            <qtimetadatafield>
              <fieldlabel>assessment_question_identifierref</fieldlabel>
              <fieldentry>text2qti_question_ref_326f6ae7e5ee66a2613daefbe0b07248caf72e08c658621d7bb0e5ffc27b47a8</fieldentry>
            </qtimetadatafield>
          </qtimetadata>
        </itemmetadata>
        <presentation>
          <material>
            <mattext texttype="text/html">&lt;p&gt;Elige todas las opciones correctas. Sobre el arrabio flotan:&lt;/p&gt;</mattext>
          </material>
          <response_lid ident="response1" rcardinality="Multiple">
            <render_choice>
              <response_label ident="text2qti_choice_7426c3c7d07c60209368791fa1b18fcab84092369ba11ea40e4162d1b427d03b">
                <material>
                  <mattext texttype="text/html">&lt;p&gt;Impurezas&lt;/p&gt;</mattext>
                </material>
              </response_label>
              <response_label ident="text2qti_choice_2f0f0dffc1d4087d1081a6e09f1543ed8a472e6322f4f0bf76955a299931221f">
                <material>
                  <mattext texttype="text/html">&lt;p&gt;Fundentes&lt;/p&gt;</mattext>
                </material>
              </response_label>
              <response_label ident="text2qti_choice_d113def0067c993c722baec637489ca8ea9b9c8a70ff468cdf80ed50d74e2a23">
                <material>
                  <mattext texttype="text/html">&lt;p&gt;Hierro líquido&lt;/p&gt;</mattext>
                </material>
              </response_label>
              <response_label ident="text2qti_choice_7d951acdd0a4504570592ea79e1439af7dbec3a2f45bbc3c5e3a90c709f66e16">
                <material>
                  <mattext texttype="text/html">&lt;p&gt;Carbono reducido&lt;/p&gt;</mattext>
                </material>
              </response_label>
            </render_choice>
          </response_lid>
        </presentation>
        <resprocessing>
          <outcomes>
            <decvar maxvalue="100" minvalue="0" varname="SCORE" vartype="Decimal"/>
          </outcomes>
          <respcondition continue="No">
            <conditionvar>
              <and>
                <varequal respident="response1">text2qti_choice_7426c3c7d07c60209368791fa1b18fcab84092369ba11ea40e4162d1b427d03b</varequal>
                <varequal respident="response1">text2qti_choice_2f0f0dffc1d4087d1081a6e09f1543ed8a472e6322f4f0bf76955a299931221f</varequal>
                <not>
                  <varequal respident="response1">text2qti_choice_d113def0067c993c722baec637489ca8ea9b9c8a70ff468cdf80ed50d74e2a23</varequal>
                </not>
                <not>
                  <varequal respident="response1">text2qti_choice_7d951acdd0a4504570592ea79e1439af7dbec3a2f45bbc3c5e3a90c709f66e16</varequal>
                </not>
              </and>
            </conditionvar>
            <setvar action="Set" varname="SCORE">100</setvar>
          </respcondition>
        </resprocessing>
      </item>
      <item ident="text2qti_question_1d7d858b007879cd00749465e996ab299227ddc644f77f07c00768d7a2a0abfe" title="Question">
        <itemmetadata>
          <qtimetadata>
            <qtimetadatafield>
              <fieldlabel>question_type</fieldlabel>
              <fieldentry>short_answer_question</fieldentry>
            </qtimetadatafield>
            <qtimetadatafield>
              <fieldlabel>points_possible</fieldlabel>
              <fieldentry>1</fieldentry>
            </qtimetadatafield>
            <qtimetadatafield>
              <fieldlabel>original_answer_ids</fieldlabel>
              <fieldentry>text2qti_choice_a9e6edb89be52b34dcaa3ad88b424a56b838f5f5e22d714c9edd0a842c0aaa96,text2qti_choice_192fcd9d1c7c579d5af2d05e90f1a2ce49576b805aa2b90cc7a18931638586fc</fieldentry>
            </qtimetadatafield>
            <qtimetadatafield>
              <fieldlabel>assessment_question_identifierref</fieldlabel>
              <fieldentry>text2qti_question_ref_1d7d858b007879cd00749465e996ab299227ddc644f77f07c00768d7a2a0abfe</fieldentry>
            </qtimetadatafield>
          </qtimetadata>
        </itemmetadata>
        <presentation>
          <material>
            <mattext texttype="text/html">&lt;p&gt;¿Cuál es la palabra que falta? El arrabio es demasiado _____ para ser usado en aplicaciones. Cuida la ortografía y usa solo minúsculas.&lt;/p&gt;</mattext>
          </material>
          <response_str ident="response1" rcardinality="Single">
            <render_fib>
              <response_label ident="answer1" rshuffle="No"/>
            </render_fib>
          </response_str>
        </presentation>
        <resprocessing>
          <outcomes>
            <decvar maxvalue="100" minvalue="0" varname="SCORE" vartype="Decimal"/>
          </outcomes>
          <respcondition continue="No">
            <conditionvar>
              <varequal respident="response1">frágil</varequal>
              <varequal respident="response1">Frágil</varequal>
            </conditionvar>
            <setvar action="Set" varname="SCORE">100</setvar>
          </respcondition>
        </resprocessing>
      </item>
    </section>
    <section ident="text2qti_group_8f93964e28c1ceabd86f3e1d221b312e70224c446d092b44e28b7c54d9899ad0" title="Group">
      <selection_ordering>
        <selection>
          <selection_number>2</selection_number>
          <selection_extension>
            <points_per_item>1</points_per_item>
          </selection_extension>
        </selection>
      </selection_ordering>
      <item ident="text2qti_question_66a6f8a84a20628a7e34fd7687f8050350be52b6b088ce2ec37c60a15a0a7041" title="Question">
        <itemmetadata>
          <qtimetadata>
            <qtimetadatafield>
              <fieldlabel>question_type</fieldlabel>
              <fieldentry>multiple_choice_question</fieldentry>
            </qtimetadatafield>
            <qtimetadatafield>
              <fieldlabel>points_possible</fieldlabel>
              <fieldentry>1</fieldentry>
            </qtimetadatafield>
            <qtimetadatafield>
              <fieldlabel>original_answer_ids</fieldlabel>
              <fieldentry>text2qti_choice_1f50ddfb61121681b8290fd79efbe8b3f6d202433a32822865db1d5358b3c275,text2qti_choice_cdef8316fb9355539d9faa5c2438cf12d0bd3cdf30f1c81f2d1ae69c668f1dba,text2qti_choice_357d50b3c50fe956fd1f6cef3d7ad7685eda40a53a47263be91c7994566ad958,text2qti_choice_5a49fe4f40352f40c3c39f587eb4fba4fc12de3aec5d915bb734725c9ea833ea</fieldentry>
            </qtimetadatafield>
            <qtimetadatafield>
              <fieldlabel>assessment_question_identifierref</fieldlabel>
              <fieldentry>text2qti_question_ref_66a6f8a84a20628a7e34fd7687f8050350be52b6b088ce2ec37c60a15a0a7041</fieldentry>
            </qtimetadatafield>
          </qtimetadata>
        </itemmetadata>
        <presentation>
          <material>
            <mattext texttype="text/html">&lt;p&gt;Selecciona la opción correcta. Reduciendo el carbono del arrabio obtenemos:&lt;/p&gt;</mattext>
          </material>
          <response_lid ident="response1" rcardinality="Single">
            <render_choice>
              <response_label ident="text2qti_choice_1f50ddfb61121681b8290fd79efbe8b3f6d202433a32822865db1d5358b3c275">
                <material>
                  <mattext texttype="text/html">&lt;p&gt;Hierro puro o acero&lt;/p&gt;</mattext>
                </material>
              </response_label>
              <response_label ident="text2qti_choice_cdef8316fb9355539d9faa5c2438cf12d0bd3cdf30f1c81f2d1ae69c668f1dba">
                <material>
                  <mattext texttype="text/html">&lt;p&gt;Coque&lt;/p&gt;</mattext>
                </material>
              </response_label>
              <response_label ident="text2qti_choice_357d50b3c50fe956fd1f6cef3d7ad7685eda40a53a47263be91c7994566ad958">
                <material>
                  <mattext texttype="text/html">&lt;p&gt;Caliza&lt;/p&gt;</mattext>
                </material>
              </response_label>
              <response_label ident="text2qti_choice_5a49fe4f40352f40c3c39f587eb4fba4fc12de3aec5d915bb734725c9ea833ea">
                <material>
                  <mattext texttype="text/html">&lt;p&gt;Óxido de hierro&lt;/p&gt;</mattext>
                </material>
              </response_label>
            </render_choice>
          </response_lid>
        </presentation>
        <resprocessing>
          <outcomes>
            <decvar maxvalue="100" minvalue="0" varname="SCORE" vartype="Decimal"/>
          </outcomes>
          <respcondition continue="No">
            <conditionvar>
              <varequal respident="response1">text2qti_choice_1f50ddfb61121681b8290fd79efbe8b3f6d202433a32822865db1d5358b3c275</varequal>
            </conditionvar>
            <setvar action="Set" varname="SCORE">100</setvar>
          </respcondition>
        </resprocessing>
      </item>
      <item ident="text2qti_question_af19bc6f7b7d6b15aca726fdc1ecd770c639f68b4fc6a8c41f7f47d076db1cf1" title="Question">
        <itemmetadata>
          <qtimetadata>
            <qtimetadatafield>
              <fieldlabel>question_type</fieldlabel>
              <fieldentry>multiple_answers_question</fieldentry>
            </qtimetadatafield>
            <qtimetadatafield>
              <fieldlabel>points_possible</fieldlabel>
              <fieldentry>1</fieldentry>
            </qtimetadatafield>
            <qtimetadatafield>
              <fieldlabel>original_answer_ids</fieldlabel>
              <fieldentry>text2qti_choice_83c6040fa0e3d84d64df4d1e77e71cdadfa41fa24464a47ef1167ec6714fa72e,text2qti_choice_099030cf8811118a4111b403bcec91f429d8b94848a5591bd4f3002419fee6dd,text2qti_choice_789581408d4a9af0f5af4f07745ce414475405c994fc112f5975b0aa6e07cef6,text2qti_choice_13293b3b8f79f0ab777edea7e6afe2536e7d2f5537e2eed2e03e4e79895d58b9</fieldentry>
            </qtimetadatafield>
            <qtimetadatafield>
              <fieldlabel>assessment_question_identifierref</fieldlabel>
              <fieldentry>text2qti_question_ref_af19bc6f7b7d6b15aca726fdc1ecd770c639f68b4fc6a8c41f7f47d076db1cf1</fieldentry>
            </qtimetadatafield>
          </qtimetadata>
        </itemmetadata>
        <presentation>
          <material>
            <mattext texttype="text/html">&lt;p&gt;Elige todas las opciones correctas. Características según el contenido de carbono:&lt;/p&gt;</mattext>
          </material>
          <response_lid ident="response1" rcardinality="Multiple">
            <render_choice>
              <response_label ident="text2qti_choice_83c6040fa0e3d84d64df4d1e77e71cdadfa41fa24464a47ef1167ec6714fa72e">
                <material>
                  <mattext texttype="text/html">&lt;p&gt;Poco carbono → hierro puro, blando y maleable&lt;/p&gt;</mattext>
                </material>
              </response_label>
              <response_label ident="text2qti_choice_099030cf8811118a4111b403bcec91f429d8b94848a5591bd4f3002419fee6dd">
                <material>
                  <mattext texttype="text/html">&lt;p&gt;Carbono moderado → acero, fuerte y resistente&lt;/p&gt;</mattext>
                </material>
              </response_label>
              <response_label ident="text2qti_choice_789581408d4a9af0f5af4f07745ce414475405c994fc112f5975b0aa6e07cef6">
                <material>
                  <mattext texttype="text/html">&lt;p&gt;Mucho carbono → hierro maleable&lt;/p&gt;</mattext>
                </material>
              </response_label>
              <response_label ident="text2qti_choice_13293b3b8f79f0ab777edea7e6afe2536e7d2f5537e2eed2e03e4e79895d58b9">
                <material>
                  <mattext texttype="text/html">&lt;p&gt;Cero carbono → acero&lt;/p&gt;</mattext>
                </material>
              </response_label>
            </render_choice>
          </response_lid>
        </presentation>
        <resprocessing>
          <outcomes>
            <decvar maxvalue="100" minvalue="0" varname="SCORE" vartype="Decimal"/>
          </outcomes>
          <respcondition continue="No">
            <conditionvar>
              <and>
                <varequal respident="response1">text2qti_choice_83c6040fa0e3d84d64df4d1e77e71cdadfa41fa24464a47ef1167ec6714fa72e</varequal>
                <varequal respident="response1">text2qti_choice_099030cf8811118a4111b403bcec91f429d8b94848a5591bd4f3002419fee6dd</varequal>
                <not>
                  <varequal respident="response1">text2qti_choice_789581408d4a9af0f5af4f07745ce414475405c994fc112f5975b0aa6e07cef6</varequal>
                </not>
                <not>
                  <varequal respident="response1">text2qti_choice_13293b3b8f79f0ab777edea7e6afe2536e7d2f5537e2eed2e03e4e79895d58b9</varequal>
                </not>
              </and>
            </conditionvar>
            <setvar action="Set" varname="SCORE">100</setvar>
          </respcondition>
        </resprocessing>
      </item>
      <item ident="text2qti_question_9ab1fc2fe73cd022e5b5bb0a04fd3a0141c1d1fa9ea9d2097f748563a5dfe472" title="Question">
        <itemmetadata>
          <qtimetadata>
            <qtimetadatafield>
              <fieldlabel>question_type</fieldlabel>
              <fieldentry>short_answer_question</fieldentry>
            </qtimetadatafield>
            <qtimetadatafield>
              <fieldlabel>points_possible</fieldlabel>
              <fieldentry>1</fieldentry>
            </qtimetadatafield>
            <qtimetadatafield>
              <fieldlabel>original_answer_ids</fieldlabel>
              <fieldentry>text2qti_choice_71d643ed02cfdc00e8ad98cc5eb7f761c9191dbb52c8cfd11eb1625840a8db46,text2qti_choice_40ed604c575ae539fad471101e0aaa1493b290141a9010819e5a18b3bc5f51a5</fieldentry>
            </qtimetadatafield>
            <qtimetadatafield>
              <fieldlabel>assessment_question_identifierref</fieldlabel>
              <fieldentry>text2qti_question_ref_9ab1fc2fe73cd022e5b5bb0a04fd3a0141c1d1fa9ea9d2097f748563a5dfe472</fieldentry>
            </qtimetadatafield>
          </qtimetadata>
        </itemmetadata>
        <presentation>
          <material>
            <mattext texttype="text/html">&lt;p&gt;¿Qué palabra falta? El arrabio se transporta separado de la _____ hasta el horno de afinado. Responder en minúscula.&lt;/p&gt;</mattext>
          </material>
          <response_str ident="response1" rcardinality="Single">
            <render_fib>
              <response_label ident="answer1" rshuffle="No"/>
            </render_fib>
          </response_str>
        </presentation>
        <resprocessing>
          <outcomes>
            <decvar maxvalue="100" minvalue="0" varname="SCORE" vartype="Decimal"/>
          </outcomes>
          <respcondition continue="No">
            <conditionvar>
              <varequal respident="response1">escoria</varequal>
              <varequal respident="response1">Escoria</varequal>
            </conditionvar>
            <setvar action="Set" varname="SCORE">100</setvar>
          </respcondition>
        </resprocessing>
      </item>
      <item ident="text2qti_question_6852bfe1652ba50930e4b9357527a3db74763f9bc3525bb6188e3baf040186fe" title="Question">
        <itemmetadata>
          <qtimetadata>
            <qtimetadatafield>
              <fieldlabel>question_type</fieldlabel>
              <fieldentry>multiple_choice_question</fieldentry>
            </qtimetadatafield>
            <qtimetadatafield>
              <fieldlabel>points_possible</fieldlabel>
              <fieldentry>1</fieldentry>
            </qtimetadatafield>
            <qtimetadatafield>
              <fieldlabel>original_answer_ids</fieldlabel>
              <fieldentry>text2qti_choice_7daa8203392eb25f053272f2de6d8a0b27e58096a42ca27e421add1c15c7e560,text2qti_choice_3a9890360778b2df7e1b92fa0239129bb4f5022fbb4cd2714d115fb81c0b24c9,text2qti_choice_2115a0b9b64e649a08bb6bc0bd6078b02a143132d8347181838236327ab58d7c,text2qti_choice_92101e4d4d07c04f4e39ce83e8db2727456250f607c49035d43adafe44dddbec</fieldentry>
            </qtimetadatafield>
            <qtimetadatafield>
              <fieldlabel>assessment_question_identifierref</fieldlabel>
              <fieldentry>text2qti_question_ref_6852bfe1652ba50930e4b9357527a3db74763f9bc3525bb6188e3baf040186fe</fieldentry>
            </qtimetadatafield>
          </qtimetadata>
        </itemmetadata>
        <presentation>
          <material>
            <mattext texttype="text/html">&lt;p&gt;Selecciona la opción correcta. ¿Qué se elimina principalmente en el horno de afinado?&lt;/p&gt;</mattext>
          </material>
          <response_lid ident="response1" rcardinality="Single">
            <render_choice>
              <response_label ident="text2qti_choice_7daa8203392eb25f053272f2de6d8a0b27e58096a42ca27e421add1c15c7e560">
                <material>
                  <mattext texttype="text/html">&lt;p&gt;Carbono e impurezas&lt;/p&gt;</mattext>
                </material>
              </response_label>
              <response_label ident="text2qti_choice_3a9890360778b2df7e1b92fa0239129bb4f5022fbb4cd2714d115fb81c0b24c9">
                <material>
                  <mattext texttype="text/html">&lt;p&gt;Oxígeno&lt;/p&gt;</mattext>
                </material>
              </response_label>
              <response_label ident="text2qti_choice_2115a0b9b64e649a08bb6bc0bd6078b02a143132d8347181838236327ab58d7c">
                <material>
                  <mattext texttype="text/html">&lt;p&gt;Caliza&lt;/p&gt;</mattext>
                </material>
              </response_label>
              <response_label ident="text2qti_choice_92101e4d4d07c04f4e39ce83e8db2727456250f607c49035d43adafe44dddbec">
                <material>
                  <mattext texttype="text/html">&lt;p&gt;Monóxido de carbono&lt;/p&gt;</mattext>
                </material>
              </response_label>
            </render_choice>
          </response_lid>
        </presentation>
        <resprocessing>
          <outcomes>
            <decvar maxvalue="100" minvalue="0" varname="SCORE" vartype="Decimal"/>
          </outcomes>
          <respcondition continue="No">
            <conditionvar>
              <varequal respident="response1">text2qti_choice_7daa8203392eb25f053272f2de6d8a0b27e58096a42ca27e421add1c15c7e560</varequal>
            </conditionvar>
            <setvar action="Set" varname="SCORE">100</setvar>
          </respcondition>
        </resprocessing>
      </item>
      <item ident="text2qti_question_b96899fbfd6ece0f510aa46195005aa720e5dbafb324ddfc5325f121c1cd6b13" title="Question">
        <itemmetadata>
          <qtimetadata>
            <qtimetadatafield>
              <fieldlabel>question_type</fieldlabel>
              <fieldentry>multiple_choice_question</fieldentry>
            </qtimetadatafield>
            <qtimetadatafield>
              <fieldlabel>points_possible</fieldlabel>
              <fieldentry>1</fieldentry>
            </qtimetadatafield>
            <qtimetadatafield>
              <fieldlabel>original_answer_ids</fieldlabel>
              <fieldentry>text2qti_choice_c6398e307b5a33e0a136ad7bbc47396775104f5076943504194acce666a4ee29,text2qti_choice_f8b832c9d3e1ee4f0ad9ccd4fa4ed14ab3d9acb78f7c80e6eb5f231480507e02,text2qti_choice_da41196a80d732d8d7ef13d5d603fcb780f0b7ecb5ddd3ded25d35cc0cf9e418,text2qti_choice_a3a1d883e7fd7721c488960c14c49c680f3299982a9ad76672b3595167ca2c25</fieldentry>
            </qtimetadatafield>
            <qtimetadatafield>
              <fieldlabel>assessment_question_identifierref</fieldlabel>
              <fieldentry>text2qti_question_ref_b96899fbfd6ece0f510aa46195005aa720e5dbafb324ddfc5325f121c1cd6b13</fieldentry>
            </qtimetadatafield>
          </qtimetadata>
        </itemmetadata>
        <presentation>
          <material>
            <mattext texttype="text/html">&lt;p&gt;¿Cuál es la utilidad final del hierro y acero obtenidos del arrabio?&lt;/p&gt;</mattext>
          </material>
          <response_lid ident="response1" rcardinality="Single">
            <render_choice>
              <response_label ident="text2qti_choice_c6398e307b5a33e0a136ad7bbc47396775104f5076943504194acce666a4ee29">
                <material>
                  <mattext texttype="text/html">&lt;p&gt;Fabricar herramientas, máquinas y estructuras&lt;/p&gt;</mattext>
                </material>
              </response_label>
              <response_label ident="text2qti_choice_f8b832c9d3e1ee4f0ad9ccd4fa4ed14ab3d9acb78f7c80e6eb5f231480507e02">
                <material>
                  <mattext texttype="text/html">&lt;p&gt;Fundir coque&lt;/p&gt;</mattext>
                </material>
              </response_label>
              <response_label ident="text2qti_choice_da41196a80d732d8d7ef13d5d603fcb780f0b7ecb5ddd3ded25d35cc0cf9e418">
                <material>
                  <mattext texttype="text/html">&lt;p&gt;Separar oxígeno del hierro&lt;/p&gt;</mattext>
                </material>
              </response_label>
              <response_label ident="text2qti_choice_a3a1d883e7fd7721c488960c14c49c680f3299982a9ad76672b3595167ca2c25">
                <material>
                  <mattext texttype="text/html">&lt;p&gt;Producir mineral de hierro&lt;/p&gt;</mattext>
                </material>
              </response_label>
            </render_choice>
          </response_lid>
        </presentation>
        <resprocessing>
          <outcomes>
            <decvar maxvalue="100" minvalue="0" varname="SCORE" vartype="Decimal"/>
          </outcomes>
          <respcondition continue="No">
            <conditionvar>
              <varequal respident="response1">text2qti_choice_c6398e307b5a33e0a136ad7bbc47396775104f5076943504194acce666a4ee29</varequal>
            </conditionvar>
            <setvar action="Set" varname="SCORE">100</setvar>
          </respcondition>
        </resprocessing>
      </item>
    </section>
    <section ident="text2qti_group_5a22085ee820bcce8a6ace5b8e66254e9580a52e65a1465ecb744eb084dbc4af" title="Group">
      <selection_ordering>
        <selection>
          <selection_number>1</selection_number>
          <selection_extension>
            <points_per_item>1</points_per_item>
          </selection_extension>
        </selection>
      </selection_ordering>
      <item ident="text2qti_question_1c62962ced0bb6e5aed2a81aa456be46440158f52919e5fdb2f46699e5cc1058" title="Question">
        <itemmetadata>
          <qtimetadata>
            <qtimetadatafield>
              <fieldlabel>question_type</fieldlabel>
              <fieldentry>multiple_choice_question</fieldentry>
            </qtimetadatafield>
            <qtimetadatafield>
              <fieldlabel>points_possible</fieldlabel>
              <fieldentry>1</fieldentry>
            </qtimetadatafield>
            <qtimetadatafield>
              <fieldlabel>original_answer_ids</fieldlabel>
              <fieldentry>text2qti_choice_2ce93d7583ce0fed900b7eaa2f6ee8659a983693fc8a0c15cbbba8dddecfc44d,text2qti_choice_979a2b90391b8ae61f1b0c5da8a1d32eb46acc2f80163c430185efb89203737b,text2qti_choice_a06f61e38718d0360547d02005ca86c6c0464fed276b22e981c2a9910e0a20f0,text2qti_choice_49fd12b0f25d5739d50306703c9477067eb83952127a50ac16413c9bdde49d83</fieldentry>
            </qtimetadatafield>
            <qtimetadatafield>
              <fieldlabel>assessment_question_identifierref</fieldlabel>
              <fieldentry>text2qti_question_ref_1c62962ced0bb6e5aed2a81aa456be46440158f52919e5fdb2f46699e5cc1058</fieldentry>
            </qtimetadatafield>
          </qtimetadata>
        </itemmetadata>
        <presentation>
          <material>
            <mattext texttype="text/html">&lt;p&gt;Select the correct option. The main function of the blast furnace is:&lt;/p&gt;</mattext>
          </material>
          <response_lid ident="response1" rcardinality="Single">
            <render_choice>
              <response_label ident="text2qti_choice_2ce93d7583ce0fed900b7eaa2f6ee8659a983693fc8a0c15cbbba8dddecfc44d">
                <material>
                  <mattext texttype="text/html">&lt;p&gt;To melt the iron ore and separate impurities&lt;/p&gt;</mattext>
                </material>
              </response_label>
              <response_label ident="text2qti_choice_979a2b90391b8ae61f1b0c5da8a1d32eb46acc2f80163c430185efb89203737b">
                <material>
                  <mattext texttype="text/html">&lt;p&gt;To produce steel directly&lt;/p&gt;</mattext>
                </material>
              </response_label>
              <response_label ident="text2qti_choice_a06f61e38718d0360547d02005ca86c6c0464fed276b22e981c2a9910e0a20f0">
                <material>
                  <mattext texttype="text/html">&lt;p&gt;To transform coke into coal&lt;/p&gt;</mattext>
                </material>
              </response_label>
              <response_label ident="text2qti_choice_49fd12b0f25d5739d50306703c9477067eb83952127a50ac16413c9bdde49d83">
                <material>
                  <mattext texttype="text/html">&lt;p&gt;To reduce the carbon content of pig iron&lt;/p&gt;</mattext>
                </material>
              </response_label>
            </render_choice>
          </response_lid>
        </presentation>
        <resprocessing>
          <outcomes>
            <decvar maxvalue="100" minvalue="0" varname="SCORE" vartype="Decimal"/>
          </outcomes>
          <respcondition continue="No">
            <conditionvar>
              <varequal respident="response1">text2qti_choice_2ce93d7583ce0fed900b7eaa2f6ee8659a983693fc8a0c15cbbba8dddecfc44d</varequal>
            </conditionvar>
            <setvar action="Set" varname="SCORE">100</setvar>
          </respcondition>
        </resprocessing>
      </item>
      <item ident="text2qti_question_78e533fc0b2a823452641b3c8e4d25b9a19af4580eca6fc7a7f64c3448dd5348" title="Question">
        <itemmetadata>
          <qtimetadata>
            <qtimetadatafield>
              <fieldlabel>question_type</fieldlabel>
              <fieldentry>multiple_choice_question</fieldentry>
            </qtimetadatafield>
            <qtimetadatafield>
              <fieldlabel>points_possible</fieldlabel>
              <fieldentry>1</fieldentry>
            </qtimetadatafield>
            <qtimetadatafield>
              <fieldlabel>original_answer_ids</fieldlabel>
              <fieldentry>text2qti_choice_4bb5a17edfae6836334fb22b6014a2c3b9b40a3190ae34b3d5f41baac4e64254,text2qti_choice_e63b125c9749368ebd61f82e291220447e99dea86e2e914fca96fbd9fd5c29c2,text2qti_choice_4b15547766147501b0b8e0ba153e292d57ab0fd3ae584341694d745929c20ad6,text2qti_choice_d6bda37e5ff759834ef4da3ec1b2f9a91c25044fe3f4d40f7815a81f753de0b4</fieldentry>
            </qtimetadatafield>
            <qtimetadatafield>
              <fieldlabel>assessment_question_identifierref</fieldlabel>
              <fieldentry>text2qti_question_ref_78e533fc0b2a823452641b3c8e4d25b9a19af4580eca6fc7a7f64c3448dd5348</fieldentry>
            </qtimetadatafield>
          </qtimetadata>
        </itemmetadata>
        <presentation>
          <material>
            <mattext texttype="text/html">&lt;p&gt;Select the correct option. By reducing the carbon content of pig iron we obtain:&lt;/p&gt;</mattext>
          </material>
          <response_lid ident="response1" rcardinality="Single">
            <render_choice>
              <response_label ident="text2qti_choice_4bb5a17edfae6836334fb22b6014a2c3b9b40a3190ae34b3d5f41baac4e64254">
                <material>
                  <mattext texttype="text/html">&lt;p&gt;Pure iron or steel&lt;/p&gt;</mattext>
                </material>
              </response_label>
              <response_label ident="text2qti_choice_e63b125c9749368ebd61f82e291220447e99dea86e2e914fca96fbd9fd5c29c2">
                <material>
                  <mattext texttype="text/html">&lt;p&gt;Coke&lt;/p&gt;</mattext>
                </material>
              </response_label>
              <response_label ident="text2qti_choice_4b15547766147501b0b8e0ba153e292d57ab0fd3ae584341694d745929c20ad6">
                <material>
                  <mattext texttype="text/html">&lt;p&gt;Limestone&lt;/p&gt;</mattext>
                </material>
              </response_label>
              <response_label ident="text2qti_choice_d6bda37e5ff759834ef4da3ec1b2f9a91c25044fe3f4d40f7815a81f753de0b4">
                <material>
                  <mattext texttype="text/html">&lt;p&gt;Iron oxide&lt;/p&gt;</mattext>
                </material>
              </response_label>
            </render_choice>
          </response_lid>
        </presentation>
        <resprocessing>
          <outcomes>
            <decvar maxvalue="100" minvalue="0" varname="SCORE" vartype="Decimal"/>
          </outcomes>
          <respcondition continue="No">
            <conditionvar>
              <varequal respident="response1">text2qti_choice_4bb5a17edfae6836334fb22b6014a2c3b9b40a3190ae34b3d5f41baac4e64254</varequal>
            </conditionvar>
            <setvar action="Set" varname="SCORE">100</setvar>
          </respcondition>
        </resprocessing>
      </item>
    </section>
    </section>
  </assessment>
</questestinterop>
