<?xml version="1.0" encoding="UTF-8"?>
<questestinterop xmlns="http://www.imsglobal.org/xsd/ims_qtiasiv1p2" xmlns:xsi="http://www.w3.org/2001/XMLSchema-instance" xsi:schemaLocation="http://www.imsglobal.org/xsd/ims_qtiasiv1p2 http://www.imsglobal.org/xsd/ims_qtiasiv1p2p1.xsd">
  <assessment ident="text2qti_assessment_f0b3a953c87f50f88d5d938cc7b108b3f2fe4c6dec769caea6c446a9f96942a4" title="Ejercicio interactivo sobre el acero">
    <qtimetadata>
      <qtimetadatafield>
        <fieldlabel>cc_maxattempts</fieldlabel>
        <fieldentry>1</fieldentry>
      </qtimetadatafield>
    </qtimetadata>
    <section ident="root_section">
    <section ident="text2qti_group_bed46ea498187a55a6488f9eedf5a3d5ef654e58cac8c2676bd188d53317fa10" title="Group">
      <selection_ordering>
        <selection>
          <selection_number>1</selection_number>
          <selection_extension>
            <points_per_item>1</points_per_item>
          </selection_extension>
        </selection>
      </selection_ordering>
      <item ident="text2qti_question_a7bfaf49470a5ea653ca276f944f8b317832858ddbb834da06667c08eb53fecf" title="Question">
        <itemmetadata>
          <qtimetadata>
            <qtimetadatafield>
              <fieldlabel>question_type</fieldlabel>
              <fieldentry>multiple_choice_question</fieldentry>
            </qtimetadatafield>
            <qtimetadatafield>
              <fieldlabel>points_possible</fieldlabel>
              <fieldentry>1</fieldentry>
            </qtimetadatafield>
            <qtimetadatafield>
              <fieldlabel>original_answer_ids</fieldlabel>
              <fieldentry>text2qti_choice_b179259418bd6a1ed79e17fa0c8f87f6c51b035f92aed7177a3f80a3e064c1ce,text2qti_choice_617b4b58905a6b7458379f4db1aae4a17972b03044d7ea07007506118472cc08,text2qti_choice_aabe37e4aedc5918b623f966f2a44d2a411673121affe192497e3ad143c9dc6b,text2qti_choice_bcd42d1b9580c504a06f1bcfd505c91ca994ff50afcd0d609c4d7e5911def231</fieldentry>
            </qtimetadatafield>
            <qtimetadatafield>
              <fieldlabel>assessment_question_identifierref</fieldlabel>
              <fieldentry>text2qti_question_ref_a7bfaf49470a5ea653ca276f944f8b317832858ddbb834da06667c08eb53fecf</fieldentry>
            </qtimetadatafield>
          </qtimetadata>
        </itemmetadata>
        <presentation>
          <material>
            <mattext texttype="text/html">&lt;p&gt;Selecciona la opción correcta. ¿Qué porcentaje de carbono tiene el arrabio del alto horno antes de convertirse en acero?&lt;/p&gt;</mattext>
          </material>
          <response_lid ident="response1" rcardinality="Single">
            <render_choice>
              <response_label ident="text2qti_choice_b179259418bd6a1ed79e17fa0c8f87f6c51b035f92aed7177a3f80a3e064c1ce">
                <material>
                  <mattext texttype="text/html">&lt;p&gt;0,2–2%&lt;/p&gt;</mattext>
                </material>
              </response_label>
              <response_label ident="text2qti_choice_617b4b58905a6b7458379f4db1aae4a17972b03044d7ea07007506118472cc08">
                <material>
                  <mattext texttype="text/html">&lt;p&gt;4–5%&lt;/p&gt;</mattext>
                </material>
              </response_label>
              <response_label ident="text2qti_choice_aabe37e4aedc5918b623f966f2a44d2a411673121affe192497e3ad143c9dc6b">
                <material>
                  <mattext texttype="text/html">&lt;p&gt;10–12%&lt;/p&gt;</mattext>
                </material>
              </response_label>
              <response_label ident="text2qti_choice_bcd42d1b9580c504a06f1bcfd505c91ca994ff50afcd0d609c4d7e5911def231">
                <material>
                  <mattext texttype="text/html">&lt;p&gt;Menos del 1%&lt;/p&gt;</mattext>
                </material>
              </response_label>
            </render_choice>
          </response_lid>
        </presentation>
        <resprocessing>
          <outcomes>
            <decvar maxvalue="100" minvalue="0" varname="SCORE" vartype="Decimal"/>
          </outcomes>
          <respcondition continue="No">
            <conditionvar>
              <varequal respident="response1">text2qti_choice_617b4b58905a6b7458379f4db1aae4a17972b03044d7ea07007506118472cc08</varequal>
            </conditionvar>
            <setvar action="Set" varname="SCORE">100</setvar>
          </respcondition>
        </resprocessing>
      </item>
      <item ident="text2qti_question_e6795ca4deec40b48cbcd3b03f51baee4f2948ee4d27fa7c39af842cba78a246" title="Question">
        <itemmetadata>
          <qtimetadata>
            <qtimetadatafield>
              <fieldlabel>question_type</fieldlabel>
              <fieldentry>multiple_choice_question</fieldentry>
            </qtimetadatafield>
            <qtimetadatafield>
              <fieldlabel>points_possible</fieldlabel>
              <fieldentry>1</fieldentry>
            </qtimetadatafield>
            <qtimetadatafield>
              <fieldlabel>original_answer_ids</fieldlabel>
              <fieldentry>text2qti_choice_f09b9575cd631bdfa40629c79beb128fe15c432939a8475cdda406fc1d20c7cf,text2qti_choice_54b9ab23a9028a688d74b686916367b70b0b3fc4daa5f1975b532a9735e963eb,text2qti_choice_b9bf0c09211d9605836c8c1fa22a20c18635a4ffb2eaa3061583d1722e544997,text2qti_choice_177ef0771295a4ee2ef74cee69a965262f5fea07f892b22c408053cc3f7dd784</fieldentry>
            </qtimetadatafield>
            <qtimetadatafield>
              <fieldlabel>assessment_question_identifierref</fieldlabel>
              <fieldentry>text2qti_question_ref_e6795ca4deec40b48cbcd3b03f51baee4f2948ee4d27fa7c39af842cba78a246</fieldentry>
            </qtimetadatafield>
          </qtimetadata>
        </itemmetadata>
        <presentation>
          <material>
            <mattext texttype="text/html">&lt;p&gt;Selecciona la opción correcta. ¿Cuál es el objetivo principal de refinar el arrabio en un convertidor o horno eléctrico?&lt;/p&gt;</mattext>
          </material>
          <response_lid ident="response1" rcardinality="Single">
            <render_choice>
              <response_label ident="text2qti_choice_f09b9575cd631bdfa40629c79beb128fe15c432939a8475cdda406fc1d20c7cf">
                <material>
                  <mattext texttype="text/html">&lt;p&gt;Incrementar el contenido de carbono&lt;/p&gt;</mattext>
                </material>
              </response_label>
              <response_label ident="text2qti_choice_54b9ab23a9028a688d74b686916367b70b0b3fc4daa5f1975b532a9735e963eb">
                <material>
                  <mattext texttype="text/html">&lt;p&gt;Reducir el contenido de carbono y ajustar la composición química&lt;/p&gt;</mattext>
                </material>
              </response_label>
              <response_label ident="text2qti_choice_b9bf0c09211d9605836c8c1fa22a20c18635a4ffb2eaa3061583d1722e544997">
                <material>
                  <mattext texttype="text/html">&lt;p&gt;Transformar hierro en aluminio&lt;/p&gt;</mattext>
                </material>
              </response_label>
              <response_label ident="text2qti_choice_177ef0771295a4ee2ef74cee69a965262f5fea07f892b22c408053cc3f7dd784">
                <material>
                  <mattext texttype="text/html">&lt;p&gt;Enfriar rápidamente el metal&lt;/p&gt;</mattext>
                </material>
              </response_label>
            </render_choice>
          </response_lid>
        </presentation>
        <resprocessing>
          <outcomes>
            <decvar maxvalue="100" minvalue="0" varname="SCORE" vartype="Decimal"/>
          </outcomes>
          <respcondition continue="No">
            <conditionvar>
              <varequal respident="response1">text2qti_choice_54b9ab23a9028a688d74b686916367b70b0b3fc4daa5f1975b532a9735e963eb</varequal>
            </conditionvar>
            <setvar action="Set" varname="SCORE">100</setvar>
          </respcondition>
        </resprocessing>
      </item>
    </section>
    <section ident="text2qti_group_8ba370c4bde212fd2f064d8704da5984525a3ae9c0cd967a46e47b68280f12f9" title="Group">
      <selection_ordering>
        <selection>
          <selection_number>1</selection_number>
          <selection_extension>
            <points_per_item>1</points_per_item>
          </selection_extension>
        </selection>
      </selection_ordering>
      <item ident="text2qti_question_94a41febf5883a91170821d8cac1a136891706229a9c7f235028be9b7f6f3006" title="Question">
        <itemmetadata>
          <qtimetadata>
            <qtimetadatafield>
              <fieldlabel>question_type</fieldlabel>
              <fieldentry>short_answer_question</fieldentry>
            </qtimetadatafield>
            <qtimetadatafield>
              <fieldlabel>points_possible</fieldlabel>
              <fieldentry>1</fieldentry>
            </qtimetadatafield>
            <qtimetadatafield>
              <fieldlabel>original_answer_ids</fieldlabel>
              <fieldentry>text2qti_choice_b13b5b7213516f05eaa65834e2e64224c4f7df38b1ea2da7562e3112b1bea99a,text2qti_choice_8e2140774c4d9126710897c5c85bbaa6b56819e57ac0aeda3d5e4a82d5a7fa19</fieldentry>
            </qtimetadatafield>
            <qtimetadatafield>
              <fieldlabel>assessment_question_identifierref</fieldlabel>
              <fieldentry>text2qti_question_ref_94a41febf5883a91170821d8cac1a136891706229a9c7f235028be9b7f6f3006</fieldentry>
            </qtimetadatafield>
          </qtimetadata>
        </itemmetadata>
        <presentation>
          <material>
            <mattext texttype="text/html">&lt;p&gt;Escribe la palabra que falta en minúscula. El rango aproximado de temperatura del _____ líquido durante la refinación en convertidores u hornos eléctricos es de 1600-1700 grados centígrados.&lt;/p&gt;</mattext>
          </material>
          <response_str ident="response1" rcardinality="Single">
            <render_fib>
              <response_label ident="answer1" rshuffle="No"/>
            </render_fib>
          </response_str>
        </presentation>
        <resprocessing>
          <outcomes>
            <decvar maxvalue="100" minvalue="0" varname="SCORE" vartype="Decimal"/>
          </outcomes>
          <respcondition continue="No">
            <conditionvar>
              <varequal respident="response1">acero</varequal>
              <varequal respident="response1">Acero</varequal>
            </conditionvar>
            <setvar action="Set" varname="SCORE">100</setvar>
          </respcondition>
        </resprocessing>
      </item>
      <item ident="text2qti_question_22b9c4c6018ee3015f1c9ab1ff338fdf8412a92b38f23668ac4ec4ff4296906a" title="Question">
        <itemmetadata>
          <qtimetadata>
            <qtimetadatafield>
              <fieldlabel>question_type</fieldlabel>
              <fieldentry>multiple_choice_question</fieldentry>
            </qtimetadatafield>
            <qtimetadatafield>
              <fieldlabel>points_possible</fieldlabel>
              <fieldentry>1</fieldentry>
            </qtimetadatafield>
            <qtimetadatafield>
              <fieldlabel>original_answer_ids</fieldlabel>
              <fieldentry>text2qti_choice_dd2ec3ca2665b9fa0a9ef33fbab8e15329e25e82b1b678bf5129d787dcdefc3a,text2qti_choice_55d0760acae2bf88f6f13c1aa01146523b52e575fa8b147bb711702753000eb1,text2qti_choice_0403ff6e4563f2da251f8f7d04971b9f03add9411c28c8073fa65bed85d61699,text2qti_choice_323f03184d31113cd4429cf4d26f42ca663cf77c7f51a52525710646ebbf917f</fieldentry>
            </qtimetadatafield>
            <qtimetadatafield>
              <fieldlabel>assessment_question_identifierref</fieldlabel>
              <fieldentry>text2qti_question_ref_22b9c4c6018ee3015f1c9ab1ff338fdf8412a92b38f23668ac4ec4ff4296906a</fieldentry>
            </qtimetadatafield>
          </qtimetadata>
        </itemmetadata>
        <presentation>
          <material>
            <mattext texttype="text/html">&lt;p&gt;Selecciona la opción correcta. Nombra un gas que se forma al reaccionar el oxígeno con el carbono en el convertidor LD?&lt;/p&gt;</mattext>
          </material>
          <response_lid ident="response1" rcardinality="Single">
            <render_choice>
              <response_label ident="text2qti_choice_dd2ec3ca2665b9fa0a9ef33fbab8e15329e25e82b1b678bf5129d787dcdefc3a">
                <material>
                  <mattext texttype="text/html">&lt;p&gt;Monóxido de carbono (CO)&lt;/p&gt;</mattext>
                </material>
              </response_label>
              <response_label ident="text2qti_choice_55d0760acae2bf88f6f13c1aa01146523b52e575fa8b147bb711702753000eb1">
                <material>
                  <mattext texttype="text/html">&lt;p&gt;Vapor de agua (H₂O)&lt;/p&gt;</mattext>
                </material>
              </response_label>
              <response_label ident="text2qti_choice_0403ff6e4563f2da251f8f7d04971b9f03add9411c28c8073fa65bed85d61699">
                <material>
                  <mattext texttype="text/html">&lt;p&gt;Metano (CH₄)&lt;/p&gt;</mattext>
                </material>
              </response_label>
              <response_label ident="text2qti_choice_323f03184d31113cd4429cf4d26f42ca663cf77c7f51a52525710646ebbf917f">
                <material>
                  <mattext texttype="text/html">&lt;p&gt;Hidrógeno (H₂)&lt;/p&gt;</mattext>
                </material>
              </response_label>
            </render_choice>
          </response_lid>
        </presentation>
        <resprocessing>
          <outcomes>
            <decvar maxvalue="100" minvalue="0" varname="SCORE" vartype="Decimal"/>
          </outcomes>
          <respcondition continue="No">
            <conditionvar>
              <varequal respident="response1">text2qti_choice_dd2ec3ca2665b9fa0a9ef33fbab8e15329e25e82b1b678bf5129d787dcdefc3a</varequal>
            </conditionvar>
            <setvar action="Set" varname="SCORE">100</setvar>
          </respcondition>
        </resprocessing>
      </item>
    </section>
    <section ident="text2qti_group_61dfdffd452fc8dabbe562a2a584d046d6c051fb9f65a1c0c28ba3861883cb1d" title="Group">
      <selection_ordering>
        <selection>
          <selection_number>1</selection_number>
          <selection_extension>
            <points_per_item>1</points_per_item>
          </selection_extension>
        </selection>
      </selection_ordering>
      <item ident="text2qti_question_68eba479c2941be15c894d37b3e9b70cfd6896a590ba281bcaa653799c8707c8" title="Question">
        <itemmetadata>
          <qtimetadata>
            <qtimetadatafield>
              <fieldlabel>question_type</fieldlabel>
              <fieldentry>multiple_answers_question</fieldentry>
            </qtimetadatafield>
            <qtimetadatafield>
              <fieldlabel>points_possible</fieldlabel>
              <fieldentry>1</fieldentry>
            </qtimetadatafield>
            <qtimetadatafield>
              <fieldlabel>original_answer_ids</fieldlabel>
              <fieldentry>text2qti_choice_5c89587e6e10dd8e8c488e9cbfacc97923ee4e3bf48e53c3fea511fcceb66394,text2qti_choice_1dedb040b4ab7514c5d763eb883c945e629e638d5b4b82cf340749b850b961f7,text2qti_choice_d62445d8eab86ebd70ee3742295b9693fdd544a8de49e15ef11fbfbe94d39945,text2qti_choice_58baf0eb4fd76d4fcd152d7f48e06dd6fedee267f67ac45e61309e5efd044d69,text2qti_choice_42f30fd5cc8aa57329c10a4023438b5490147fed758bd4e88be27af048897312</fieldentry>
            </qtimetadatafield>
            <qtimetadatafield>
              <fieldlabel>assessment_question_identifierref</fieldlabel>
              <fieldentry>text2qti_question_ref_68eba479c2941be15c894d37b3e9b70cfd6896a590ba281bcaa653799c8707c8</fieldentry>
            </qtimetadatafield>
          </qtimetadata>
        </itemmetadata>
        <presentation>
          <material>
            <mattext texttype="text/html">&lt;p&gt;Elige todas las opciones correctas. Durante la operación de un horno eléctrico de arco, se eliminan impurezas como:&lt;/p&gt;</mattext>
          </material>
          <response_lid ident="response1" rcardinality="Multiple">
            <render_choice>
              <response_label ident="text2qti_choice_5c89587e6e10dd8e8c488e9cbfacc97923ee4e3bf48e53c3fea511fcceb66394">
                <material>
                  <mattext texttype="text/html">&lt;p&gt;Silicio&lt;/p&gt;</mattext>
                </material>
              </response_label>
              <response_label ident="text2qti_choice_1dedb040b4ab7514c5d763eb883c945e629e638d5b4b82cf340749b850b961f7">
                <material>
                  <mattext texttype="text/html">&lt;p&gt;Manganeso&lt;/p&gt;</mattext>
                </material>
              </response_label>
              <response_label ident="text2qti_choice_d62445d8eab86ebd70ee3742295b9693fdd544a8de49e15ef11fbfbe94d39945">
                <material>
                  <mattext texttype="text/html">&lt;p&gt;Fósforo&lt;/p&gt;</mattext>
                </material>
              </response_label>
              <response_label ident="text2qti_choice_58baf0eb4fd76d4fcd152d7f48e06dd6fedee267f67ac45e61309e5efd044d69">
                <material>
                  <mattext texttype="text/html">&lt;p&gt;Oro&lt;/p&gt;</mattext>
                </material>
              </response_label>
              <response_label ident="text2qti_choice_42f30fd5cc8aa57329c10a4023438b5490147fed758bd4e88be27af048897312">
                <material>
                  <mattext texttype="text/html">&lt;p&gt;Plomo&lt;/p&gt;</mattext>
                </material>
              </response_label>
            </render_choice>
          </response_lid>
        </presentation>
        <resprocessing>
          <outcomes>
            <decvar maxvalue="100" minvalue="0" varname="SCORE" vartype="Decimal"/>
          </outcomes>
          <respcondition continue="No">
            <conditionvar>
              <and>
                <varequal respident="response1">text2qti_choice_5c89587e6e10dd8e8c488e9cbfacc97923ee4e3bf48e53c3fea511fcceb66394</varequal>
                <varequal respident="response1">text2qti_choice_1dedb040b4ab7514c5d763eb883c945e629e638d5b4b82cf340749b850b961f7</varequal>
                <varequal respident="response1">text2qti_choice_d62445d8eab86ebd70ee3742295b9693fdd544a8de49e15ef11fbfbe94d39945</varequal>
                <not>
                  <varequal respident="response1">text2qti_choice_58baf0eb4fd76d4fcd152d7f48e06dd6fedee267f67ac45e61309e5efd044d69</varequal>
                </not>
                <not>
                  <varequal respident="response1">text2qti_choice_42f30fd5cc8aa57329c10a4023438b5490147fed758bd4e88be27af048897312</varequal>
                </not>
              </and>
            </conditionvar>
            <setvar action="Set" varname="SCORE">100</setvar>
          </respcondition>
        </resprocessing>
      </item>
      <item ident="text2qti_question_d015a4fad56e5a3bf1a69f75de72b06c9273bca4b9419cfe993c04ec9f1263ad" title="Question">
        <itemmetadata>
          <qtimetadata>
            <qtimetadatafield>
              <fieldlabel>question_type</fieldlabel>
              <fieldentry>multiple_choice_question</fieldentry>
            </qtimetadatafield>
            <qtimetadatafield>
              <fieldlabel>points_possible</fieldlabel>
              <fieldentry>1</fieldentry>
            </qtimetadatafield>
            <qtimetadatafield>
              <fieldlabel>original_answer_ids</fieldlabel>
              <fieldentry>text2qti_choice_714d4434757f90699b6aa575362c3c0af3842ba00e1dce9c2986a8d259eff273,text2qti_choice_d642a5bc1eb081e2c7299df5f6163cfa85e81cb442c0bf08c9bfbf9865497f3f,text2qti_choice_2708558e64f56155dfd36d40817252088601bbe432edac8436d2e17704dd5834,text2qti_choice_9f0ca2259a8cae83ad5090b7ee337455f1674f945ccfa5b181345940ee471ed4</fieldentry>
            </qtimetadatafield>
            <qtimetadatafield>
              <fieldlabel>assessment_question_identifierref</fieldlabel>
              <fieldentry>text2qti_question_ref_d015a4fad56e5a3bf1a69f75de72b06c9273bca4b9419cfe993c04ec9f1263ad</fieldentry>
            </qtimetadatafield>
          </qtimetadata>
        </itemmetadata>
        <presentation>
          <material>
            <mattext texttype="text/html">&lt;p&gt;Selecciona la opción correcta. ¿Cuál es la principal materia prima del horno eléctrico de arco?&lt;/p&gt;</mattext>
          </material>
          <response_lid ident="response1" rcardinality="Single">
            <render_choice>
              <response_label ident="text2qti_choice_714d4434757f90699b6aa575362c3c0af3842ba00e1dce9c2986a8d259eff273">
                <material>
                  <mattext texttype="text/html">&lt;p&gt;Arrabio exclusivamente&lt;/p&gt;</mattext>
                </material>
              </response_label>
              <response_label ident="text2qti_choice_d642a5bc1eb081e2c7299df5f6163cfa85e81cb442c0bf08c9bfbf9865497f3f">
                <material>
                  <mattext texttype="text/html">&lt;p&gt;Chatarra de acero&lt;/p&gt;</mattext>
                </material>
              </response_label>
              <response_label ident="text2qti_choice_2708558e64f56155dfd36d40817252088601bbe432edac8436d2e17704dd5834">
                <material>
                  <mattext texttype="text/html">&lt;p&gt;Aluminio reciclado&lt;/p&gt;</mattext>
                </material>
              </response_label>
              <response_label ident="text2qti_choice_9f0ca2259a8cae83ad5090b7ee337455f1674f945ccfa5b181345940ee471ed4">
                <material>
                  <mattext texttype="text/html">&lt;p&gt;Fundentes&lt;/p&gt;</mattext>
                </material>
              </response_label>
            </render_choice>
          </response_lid>
        </presentation>
        <resprocessing>
          <outcomes>
            <decvar maxvalue="100" minvalue="0" varname="SCORE" vartype="Decimal"/>
          </outcomes>
          <respcondition continue="No">
            <conditionvar>
              <varequal respident="response1">text2qti_choice_d642a5bc1eb081e2c7299df5f6163cfa85e81cb442c0bf08c9bfbf9865497f3f</varequal>
            </conditionvar>
            <setvar action="Set" varname="SCORE">100</setvar>
          </respcondition>
        </resprocessing>
      </item>
      <item ident="text2qti_question_106caa3ad5f48d05c2cd5acf1d9a477f2b296ab0b8a2c240ebb3dd79186af8f3" title="Question">
        <itemmetadata>
          <qtimetadata>
            <qtimetadatafield>
              <fieldlabel>question_type</fieldlabel>
              <fieldentry>multiple_choice_question</fieldentry>
            </qtimetadatafield>
            <qtimetadatafield>
              <fieldlabel>points_possible</fieldlabel>
              <fieldentry>1</fieldentry>
            </qtimetadatafield>
            <qtimetadatafield>
              <fieldlabel>original_answer_ids</fieldlabel>
              <fieldentry>text2qti_choice_13bfe2f5d4e3d072e877b05caced4290aac812e205456f45c2d206e255b433aa,text2qti_choice_7058966c14ee65036cb5ab3794e19ca492ac7ac1e9d2ee9cfb5aeda012d7ba28,text2qti_choice_6b8cdfccc6b9f3f0add363c1898a9dd098abb905f9494bd45f646d30df9b7aaf,text2qti_choice_8de2d52190ed3087ba75a9d6f85257296413cf7c70d66a8de8f19eb766125de3</fieldentry>
            </qtimetadatafield>
            <qtimetadatafield>
              <fieldlabel>assessment_question_identifierref</fieldlabel>
              <fieldentry>text2qti_question_ref_106caa3ad5f48d05c2cd5acf1d9a477f2b296ab0b8a2c240ebb3dd79186af8f3</fieldentry>
            </qtimetadatafield>
          </qtimetadata>
        </itemmetadata>
        <presentation>
          <material>
            <mattext texttype="text/html">&lt;p&gt;Selecciona la opción correcta. ¿Qué ventaja principal tiene el horno eléctrico de arco frente al convertidor LD?&lt;/p&gt;</mattext>
          </material>
          <response_lid ident="response1" rcardinality="Single">
            <render_choice>
              <response_label ident="text2qti_choice_13bfe2f5d4e3d072e877b05caced4290aac812e205456f45c2d206e255b433aa">
                <material>
                  <mattext texttype="text/html">&lt;p&gt;Menor consumo de energía&lt;/p&gt;</mattext>
                </material>
              </response_label>
              <response_label ident="text2qti_choice_7058966c14ee65036cb5ab3794e19ca492ac7ac1e9d2ee9cfb5aeda012d7ba28">
                <material>
                  <mattext texttype="text/html">&lt;p&gt;Control muy preciso de la composición química&lt;/p&gt;</mattext>
                </material>
              </response_label>
              <response_label ident="text2qti_choice_6b8cdfccc6b9f3f0add363c1898a9dd098abb905f9494bd45f646d30df9b7aaf">
                <material>
                  <mattext texttype="text/html">&lt;p&gt;Mayor velocidad de producción&lt;/p&gt;</mattext>
                </material>
              </response_label>
              <response_label ident="text2qti_choice_8de2d52190ed3087ba75a9d6f85257296413cf7c70d66a8de8f19eb766125de3">
                <material>
                  <mattext texttype="text/html">&lt;p&gt;Uso exclusivo de arrabio&lt;/p&gt;</mattext>
                </material>
              </response_label>
            </render_choice>
          </response_lid>
        </presentation>
        <resprocessing>
          <outcomes>
            <decvar maxvalue="100" minvalue="0" varname="SCORE" vartype="Decimal"/>
          </outcomes>
          <respcondition continue="No">
            <conditionvar>
              <varequal respident="response1">text2qti_choice_7058966c14ee65036cb5ab3794e19ca492ac7ac1e9d2ee9cfb5aeda012d7ba28</varequal>
            </conditionvar>
            <setvar action="Set" varname="SCORE">100</setvar>
          </respcondition>
        </resprocessing>
      </item>
    </section>
    <section ident="text2qti_group_b6a4767ed5b5ce86b439d39046850b35cedb1f19a15064aedc6db19f2d355f16" title="Group">
      <selection_ordering>
        <selection>
          <selection_number>1</selection_number>
          <selection_extension>
            <points_per_item>1</points_per_item>
          </selection_extension>
        </selection>
      </selection_ordering>
      <item ident="text2qti_question_db236a65f366768fef65e5365e1916b790e453e6d6a8178f4af6b196ddf53028" title="Question">
        <itemmetadata>
          <qtimetadata>
            <qtimetadatafield>
              <fieldlabel>question_type</fieldlabel>
              <fieldentry>short_answer_question</fieldentry>
            </qtimetadatafield>
            <qtimetadatafield>
              <fieldlabel>points_possible</fieldlabel>
              <fieldentry>1</fieldentry>
            </qtimetadatafield>
            <qtimetadatafield>
              <fieldlabel>original_answer_ids</fieldlabel>
              <fieldentry>text2qti_choice_669653dcf7beaca90640ac19e7aed3057d28d8f74ee99ad0dd0a70943d7856d0,text2qti_choice_316cb52983ddbc8f96d88e453984889c7546a7f40448404969cbb828ef98d9f2,text2qti_choice_84e03cb732d2882ff7a329540e7f183821c6e7cb4798ed3e1b73bea4ba315f54,text2qti_choice_87bb0e39e94bec3b0fa593860337775feb1515b10794f2ee0b5d05875a0d807b</fieldentry>
            </qtimetadatafield>
            <qtimetadatafield>
              <fieldlabel>assessment_question_identifierref</fieldlabel>
              <fieldentry>text2qti_question_ref_db236a65f366768fef65e5365e1916b790e453e6d6a8178f4af6b196ddf53028</fieldentry>
            </qtimetadatafield>
          </qtimetadata>
        </itemmetadata>
        <presentation>
          <material>
            <mattext texttype="text/html">&lt;p&gt;Pon la palabra que falta en minúscula. Los aceros al carbono se usan en _____, piezas mecánicas y herramientas simples.&lt;/p&gt;</mattext>
          </material>
          <response_str ident="response1" rcardinality="Single">
            <render_fib>
              <response_label ident="answer1" rshuffle="No"/>
            </render_fib>
          </response_str>
        </presentation>
        <resprocessing>
          <outcomes>
            <decvar maxvalue="100" minvalue="0" varname="SCORE" vartype="Decimal"/>
          </outcomes>
          <respcondition continue="No">
            <conditionvar>
              <varequal respident="response1">estructuras</varequal>
              <varequal respident="response1">Estructuras</varequal>
              <varequal respident="response1">estructura</varequal>
              <varequal respident="response1">Estructura</varequal>
            </conditionvar>
            <setvar action="Set" varname="SCORE">100</setvar>
          </respcondition>
        </resprocessing>
      </item>
      <item ident="text2qti_question_f88ff30b96596fd7eb69b1d2f24a0f11652ba5d823dbeef2b02c0b812dec7430" title="Question">
        <itemmetadata>
          <qtimetadata>
            <qtimetadatafield>
              <fieldlabel>question_type</fieldlabel>
              <fieldentry>multiple_choice_question</fieldentry>
            </qtimetadatafield>
            <qtimetadatafield>
              <fieldlabel>points_possible</fieldlabel>
              <fieldentry>1</fieldentry>
            </qtimetadatafield>
            <qtimetadatafield>
              <fieldlabel>original_answer_ids</fieldlabel>
              <fieldentry>text2qti_choice_89c8c05cd31048d92789b8da5ce08e0238d4c947e8993e6cecd51831f63c3ead,text2qti_choice_771c0b92c2a70c3850fffcb13a910929abf05bc6ba27b2d89fe13452f038d79c,text2qti_choice_18e5bedabe38eb0cf60dc1f08f8af477868e4023ed413f614837029ffee78324,text2qti_choice_2f9ad50630aa715b87f8eb76db9ad334dc45db2229e21adef0ef8003d1997e33</fieldentry>
            </qtimetadatafield>
            <qtimetadatafield>
              <fieldlabel>assessment_question_identifierref</fieldlabel>
              <fieldentry>text2qti_question_ref_f88ff30b96596fd7eb69b1d2f24a0f11652ba5d823dbeef2b02c0b812dec7430</fieldentry>
            </qtimetadatafield>
          </qtimetadata>
        </itemmetadata>
        <presentation>
          <material>
            <mattext texttype="text/html">&lt;p&gt;Selecciona la opción correcta. ¿Qué elemento aleante caracteriza a los aceros inoxidables?&lt;/p&gt;</mattext>
          </material>
          <response_lid ident="response1" rcardinality="Single">
            <render_choice>
              <response_label ident="text2qti_choice_89c8c05cd31048d92789b8da5ce08e0238d4c947e8993e6cecd51831f63c3ead">
                <material>
                  <mattext texttype="text/html">&lt;p&gt;Níquel&lt;/p&gt;</mattext>
                </material>
              </response_label>
              <response_label ident="text2qti_choice_771c0b92c2a70c3850fffcb13a910929abf05bc6ba27b2d89fe13452f038d79c">
                <material>
                  <mattext texttype="text/html">&lt;p&gt;Molibdeno&lt;/p&gt;</mattext>
                </material>
              </response_label>
              <response_label ident="text2qti_choice_18e5bedabe38eb0cf60dc1f08f8af477868e4023ed413f614837029ffee78324">
                <material>
                  <mattext texttype="text/html">&lt;p&gt;Cromo&lt;/p&gt;</mattext>
                </material>
              </response_label>
              <response_label ident="text2qti_choice_2f9ad50630aa715b87f8eb76db9ad334dc45db2229e21adef0ef8003d1997e33">
                <material>
                  <mattext texttype="text/html">&lt;p&gt;Vanadio&lt;/p&gt;</mattext>
                </material>
              </response_label>
            </render_choice>
          </response_lid>
        </presentation>
        <resprocessing>
          <outcomes>
            <decvar maxvalue="100" minvalue="0" varname="SCORE" vartype="Decimal"/>
          </outcomes>
          <respcondition continue="No">
            <conditionvar>
              <varequal respident="response1">text2qti_choice_18e5bedabe38eb0cf60dc1f08f8af477868e4023ed413f614837029ffee78324</varequal>
            </conditionvar>
            <setvar action="Set" varname="SCORE">100</setvar>
          </respcondition>
        </resprocessing>
      </item>
      <item ident="text2qti_question_2e7e0a04bfbcd81a6e613937617ca6090e8fef9dbba009d3db89a5b8f446604b" title="Question">
        <itemmetadata>
          <qtimetadata>
            <qtimetadatafield>
              <fieldlabel>question_type</fieldlabel>
              <fieldentry>multiple_answers_question</fieldentry>
            </qtimetadatafield>
            <qtimetadatafield>
              <fieldlabel>points_possible</fieldlabel>
              <fieldentry>1</fieldentry>
            </qtimetadatafield>
            <qtimetadatafield>
              <fieldlabel>original_answer_ids</fieldlabel>
              <fieldentry>text2qti_choice_20bd84dc82e1ca8f5ce932c67fc963b1e01dd4297643a3472c2aa801105f5be7,text2qti_choice_bfd887c878dcc02b34837c731c3371514294545e6c3572540fb5bad1c0573fef,text2qti_choice_2a43e9229b950635edab2deeb978e355a523ead6ae0422662c20f1cb2f945c93,text2qti_choice_729434fa5807b6223cb9b1538d25514c1e2ff954c4cae715ffd6b82519cc7c14,text2qti_choice_b762e3f3b9a28757747f2b852d699f74effdc33b078d1938e16acc91b99a93aa,text2qti_choice_96a505fd5934db6984cdcb268e8d5cd103adff149f36479df8d9f475f1402f06</fieldentry>
            </qtimetadatafield>
            <qtimetadatafield>
              <fieldlabel>assessment_question_identifierref</fieldlabel>
              <fieldentry>text2qti_question_ref_2e7e0a04bfbcd81a6e613937617ca6090e8fef9dbba009d3db89a5b8f446604b</fieldentry>
            </qtimetadatafield>
          </qtimetadata>
        </itemmetadata>
        <presentation>
          <material>
            <mattext texttype="text/html">&lt;p&gt;Elige todas las opciones correctas. Los aceros aleados pueden contener:&lt;/p&gt;</mattext>
          </material>
          <response_lid ident="response1" rcardinality="Multiple">
            <render_choice>
              <response_label ident="text2qti_choice_20bd84dc82e1ca8f5ce932c67fc963b1e01dd4297643a3472c2aa801105f5be7">
                <material>
                  <mattext texttype="text/html">&lt;p&gt;Cromo&lt;/p&gt;</mattext>
                </material>
              </response_label>
              <response_label ident="text2qti_choice_bfd887c878dcc02b34837c731c3371514294545e6c3572540fb5bad1c0573fef">
                <material>
                  <mattext texttype="text/html">&lt;p&gt;Níquel&lt;/p&gt;</mattext>
                </material>
              </response_label>
              <response_label ident="text2qti_choice_2a43e9229b950635edab2deeb978e355a523ead6ae0422662c20f1cb2f945c93">
                <material>
                  <mattext texttype="text/html">&lt;p&gt;Molibdeno&lt;/p&gt;</mattext>
                </material>
              </response_label>
              <response_label ident="text2qti_choice_729434fa5807b6223cb9b1538d25514c1e2ff954c4cae715ffd6b82519cc7c14">
                <material>
                  <mattext texttype="text/html">&lt;p&gt;Vanadio&lt;/p&gt;</mattext>
                </material>
              </response_label>
              <response_label ident="text2qti_choice_b762e3f3b9a28757747f2b852d699f74effdc33b078d1938e16acc91b99a93aa">
                <material>
                  <mattext texttype="text/html">&lt;p&gt;Oxígeno&lt;/p&gt;</mattext>
                </material>
              </response_label>
              <response_label ident="text2qti_choice_96a505fd5934db6984cdcb268e8d5cd103adff149f36479df8d9f475f1402f06">
                <material>
                  <mattext texttype="text/html">&lt;p&gt;Sodio&lt;/p&gt;</mattext>
                </material>
              </response_label>
            </render_choice>
          </response_lid>
        </presentation>
        <resprocessing>
          <outcomes>
            <decvar maxvalue="100" minvalue="0" varname="SCORE" vartype="Decimal"/>
          </outcomes>
          <respcondition continue="No">
            <conditionvar>
              <and>
                <varequal respident="response1">text2qti_choice_20bd84dc82e1ca8f5ce932c67fc963b1e01dd4297643a3472c2aa801105f5be7</varequal>
                <varequal respident="response1">text2qti_choice_bfd887c878dcc02b34837c731c3371514294545e6c3572540fb5bad1c0573fef</varequal>
                <varequal respident="response1">text2qti_choice_2a43e9229b950635edab2deeb978e355a523ead6ae0422662c20f1cb2f945c93</varequal>
                <varequal respident="response1">text2qti_choice_729434fa5807b6223cb9b1538d25514c1e2ff954c4cae715ffd6b82519cc7c14</varequal>
                <not>
                  <varequal respident="response1">text2qti_choice_b762e3f3b9a28757747f2b852d699f74effdc33b078d1938e16acc91b99a93aa</varequal>
                </not>
                <not>
                  <varequal respident="response1">text2qti_choice_96a505fd5934db6984cdcb268e8d5cd103adff149f36479df8d9f475f1402f06</varequal>
                </not>
              </and>
            </conditionvar>
            <setvar action="Set" varname="SCORE">100</setvar>
          </respcondition>
        </resprocessing>
      </item>
    </section>
    <section ident="text2qti_group_59e7a5050230c4f14e42bc51da9bbd09123b557e0a8fc41f7c712ff62d2a4940" title="Group">
      <selection_ordering>
        <selection>
          <selection_number>1</selection_number>
          <selection_extension>
            <points_per_item>1</points_per_item>
          </selection_extension>
        </selection>
      </selection_ordering>
      <item ident="text2qti_question_ebfe835ae5d1f02a658317f52094e73b3fb9fb28a2f9fc7fc48380a31aedb484" title="Question">
        <itemmetadata>
          <qtimetadata>
            <qtimetadatafield>
              <fieldlabel>question_type</fieldlabel>
              <fieldentry>multiple_choice_question</fieldentry>
            </qtimetadatafield>
            <qtimetadatafield>
              <fieldlabel>points_possible</fieldlabel>
              <fieldentry>1</fieldentry>
            </qtimetadatafield>
            <qtimetadatafield>
              <fieldlabel>original_answer_ids</fieldlabel>
              <fieldentry>text2qti_choice_78b23aa99c5998c242dfdad9d0a582263137fad5c6600d0f8894999956616a79,text2qti_choice_27a261717d2be88fcc1616453b4cbb22aeadaea3b96d66aeabaf5b609563eb40,text2qti_choice_77cb774a1fbe65c65a9e5f50f03a6069628498cbc7eee2c95c5127ecb0aa2656,text2qti_choice_d1d6a56980a0db5152b97766150122dd12cc55ed3cfb42032ca08761bc6c6e32</fieldentry>
            </qtimetadatafield>
            <qtimetadatafield>
              <fieldlabel>assessment_question_identifierref</fieldlabel>
              <fieldentry>text2qti_question_ref_ebfe835ae5d1f02a658317f52094e73b3fb9fb28a2f9fc7fc48380a31aedb484</fieldentry>
            </qtimetadatafield>
          </qtimetadata>
        </itemmetadata>
        <presentation>
          <material>
            <mattext texttype="text/html">&lt;p&gt;Selecciona la opción correcta. Los aceros especiales de herramienta o rápidos se utilizan principalmente en:&lt;/p&gt;</mattext>
          </material>
          <response_lid ident="response1" rcardinality="Single">
            <render_choice>
              <response_label ident="text2qti_choice_78b23aa99c5998c242dfdad9d0a582263137fad5c6600d0f8894999956616a79">
                <material>
                  <mattext texttype="text/html">&lt;p&gt;Engranajes&lt;/p&gt;</mattext>
                </material>
              </response_label>
              <response_label ident="text2qti_choice_27a261717d2be88fcc1616453b4cbb22aeadaea3b96d66aeabaf5b609563eb40">
                <material>
                  <mattext texttype="text/html">&lt;p&gt;Fabricación de tuberías de alta presión&lt;/p&gt;</mattext>
                </material>
              </response_label>
              <response_label ident="text2qti_choice_77cb774a1fbe65c65a9e5f50f03a6069628498cbc7eee2c95c5127ecb0aa2656">
                <material>
                  <mattext texttype="text/html">&lt;p&gt;Brocas, fresas y sierras de corte rápido&lt;/p&gt;</mattext>
                </material>
              </response_label>
              <response_label ident="text2qti_choice_d1d6a56980a0db5152b97766150122dd12cc55ed3cfb42032ca08761bc6c6e32">
                <material>
                  <mattext texttype="text/html">&lt;p&gt;Ejes de baja carga&lt;/p&gt;</mattext>
                </material>
              </response_label>
            </render_choice>
          </response_lid>
        </presentation>
        <resprocessing>
          <outcomes>
            <decvar maxvalue="100" minvalue="0" varname="SCORE" vartype="Decimal"/>
          </outcomes>
          <respcondition continue="No">
            <conditionvar>
              <varequal respident="response1">text2qti_choice_77cb774a1fbe65c65a9e5f50f03a6069628498cbc7eee2c95c5127ecb0aa2656</varequal>
            </conditionvar>
            <setvar action="Set" varname="SCORE">100</setvar>
          </respcondition>
        </resprocessing>
      </item>
      <item ident="text2qti_question_5deaab2f6c71adf994fd1f8fe4e2f8b77ceca4fd2c1fbaad4172a94eb51466f6" title="Question">
        <itemmetadata>
          <qtimetadata>
            <qtimetadatafield>
              <fieldlabel>question_type</fieldlabel>
              <fieldentry>short_answer_question</fieldentry>
            </qtimetadatafield>
            <qtimetadatafield>
              <fieldlabel>points_possible</fieldlabel>
              <fieldentry>1</fieldentry>
            </qtimetadatafield>
            <qtimetadatafield>
              <fieldlabel>original_answer_ids</fieldlabel>
              <fieldentry>text2qti_choice_765b56f897cbcf76c1e6aa45e77e8d26b96564b6740c86bce8f391e36e3f464b,text2qti_choice_1eb7d339ad3bd3205f363f8a66b1551c63d5af4194d9c8b0b2146cde6f02512a,text2qti_choice_1ac92948c7f82e928d04b6c08777403584a0c7f991565b5065de32023ac45389,text2qti_choice_30999d961df74ed0ee014f1700b6a4279ab0896ef8b5b2be211b5e7ef8e62091,text2qti_choice_9651054ee9c51adb5402fcb72bad5089c7c5e790caff96fefeaf28dc2d910252,text2qti_choice_0367c39724f982efb30acb3c38dca91c8b15056ea87cf00d777225afc0be2c03,text2qti_choice_63b6ba082039566524a0e70c6cebaf07fcf19da7540e2a49aecdd8804f320495,text2qti_choice_f1e111a14a152f9225db9150ba96408c0fd67e5a3417c2e7141551ee23d94e73</fieldentry>
            </qtimetadatafield>
            <qtimetadatafield>
              <fieldlabel>assessment_question_identifierref</fieldlabel>
              <fieldentry>text2qti_question_ref_5deaab2f6c71adf994fd1f8fe4e2f8b77ceca4fd2c1fbaad4172a94eb51466f6</fieldentry>
            </qtimetadatafield>
          </qtimetadata>
        </itemmetadata>
        <presentation>
          <material>
            <mattext texttype="text/html">&lt;p&gt;Escribe al menos un aleante que puede contener un acero rápido. Pon como respuesta una sola palabra en minúscula.&lt;/p&gt;</mattext>
          </material>
          <response_str ident="response1" rcardinality="Single">
            <render_fib>
              <response_label ident="answer1" rshuffle="No"/>
            </render_fib>
          </response_str>
        </presentation>
        <resprocessing>
          <outcomes>
            <decvar maxvalue="100" minvalue="0" varname="SCORE" vartype="Decimal"/>
          </outcomes>
          <respcondition continue="No">
            <conditionvar>
              <varequal respident="response1">tungsteno</varequal>
              <varequal respident="response1">molibdeno</varequal>
              <varequal respident="response1">vanadio</varequal>
              <varequal respident="response1">cobalto</varequal>
              <varequal respident="response1">Tungsteno</varequal>
              <varequal respident="response1">Molibdeno</varequal>
              <varequal respident="response1">Vanadio</varequal>
              <varequal respident="response1">Cobalto</varequal>
            </conditionvar>
            <setvar action="Set" varname="SCORE">100</setvar>
          </respcondition>
        </resprocessing>
      </item>
      <item ident="text2qti_question_006af13f93f78f36fe2b9ddac95e367a3f9d1fbed0936c6f9c278febcd449066" title="Question">
        <itemmetadata>
          <qtimetadata>
            <qtimetadatafield>
              <fieldlabel>question_type</fieldlabel>
              <fieldentry>multiple_choice_question</fieldentry>
            </qtimetadatafield>
            <qtimetadatafield>
              <fieldlabel>points_possible</fieldlabel>
              <fieldentry>1</fieldentry>
            </qtimetadatafield>
            <qtimetadatafield>
              <fieldlabel>original_answer_ids</fieldlabel>
              <fieldentry>text2qti_choice_7bd389dde448f8d64b4f1246512b6ad7ac5aa35f99aca2766f89aadea80917c2,text2qti_choice_19463f2b3c89f6a88ed51c8ec9e3c19fa146419fb4085006538f68e60395a3aa,text2qti_choice_36bc7ede4d0fee80d60dac2b28e88e81822df5dbab39b96bfac57511b793fe72,text2qti_choice_f19aeeea1e7c775fadfd27809f9d6af23b1f4120065bcd5beb5aa9f606c3699d</fieldentry>
            </qtimetadatafield>
            <qtimetadatafield>
              <fieldlabel>assessment_question_identifierref</fieldlabel>
              <fieldentry>text2qti_question_ref_006af13f93f78f36fe2b9ddac95e367a3f9d1fbed0936c6f9c278febcd449066</fieldentry>
            </qtimetadatafield>
          </qtimetadata>
        </itemmetadata>
        <presentation>
          <material>
            <mattext texttype="text/html">&lt;p&gt;Selecciona la opción correcta. ¿Cuál de estos aceros usarías para una herramienta para torno?&lt;/p&gt;</mattext>
          </material>
          <response_lid ident="response1" rcardinality="Single">
            <render_choice>
              <response_label ident="text2qti_choice_7bd389dde448f8d64b4f1246512b6ad7ac5aa35f99aca2766f89aadea80917c2">
                <material>
                  <mattext texttype="text/html">&lt;p&gt;Aceros al carbono&lt;/p&gt;</mattext>
                </material>
              </response_label>
              <response_label ident="text2qti_choice_19463f2b3c89f6a88ed51c8ec9e3c19fa146419fb4085006538f68e60395a3aa">
                <material>
                  <mattext texttype="text/html">&lt;p&gt;Aceros aleados&lt;/p&gt;</mattext>
                </material>
              </response_label>
              <response_label ident="text2qti_choice_36bc7ede4d0fee80d60dac2b28e88e81822df5dbab39b96bfac57511b793fe72">
                <material>
                  <mattext texttype="text/html">&lt;p&gt;Aceros inoxidables&lt;/p&gt;</mattext>
                </material>
              </response_label>
              <response_label ident="text2qti_choice_f19aeeea1e7c775fadfd27809f9d6af23b1f4120065bcd5beb5aa9f606c3699d">
                <material>
                  <mattext texttype="text/html">&lt;p&gt;Aceros rápidos&lt;/p&gt;</mattext>
                </material>
              </response_label>
            </render_choice>
          </response_lid>
        </presentation>
        <resprocessing>
          <outcomes>
            <decvar maxvalue="100" minvalue="0" varname="SCORE" vartype="Decimal"/>
          </outcomes>
          <respcondition continue="No">
            <conditionvar>
              <varequal respident="response1">text2qti_choice_f19aeeea1e7c775fadfd27809f9d6af23b1f4120065bcd5beb5aa9f606c3699d</varequal>
            </conditionvar>
            <setvar action="Set" varname="SCORE">100</setvar>
          </respcondition>
        </resprocessing>
      </item>
    </section>
    <section ident="text2qti_group_2be305d79f1287e0a40b0ee5bf8bcd25f03de5f3c7e8bb81c4499a8bef3796ab" title="Group">
      <selection_ordering>
        <selection>
          <selection_number>1</selection_number>
          <selection_extension>
            <points_per_item>1</points_per_item>
          </selection_extension>
        </selection>
      </selection_ordering>
      <item ident="text2qti_question_980df617761e5dbe90fbfe2fbccc38929214244582d7d6d95ad0f002aa1e9604" title="Question">
        <itemmetadata>
          <qtimetadata>
            <qtimetadatafield>
              <fieldlabel>question_type</fieldlabel>
              <fieldentry>multiple_choice_question</fieldentry>
            </qtimetadatafield>
            <qtimetadatafield>
              <fieldlabel>points_possible</fieldlabel>
              <fieldentry>1</fieldentry>
            </qtimetadatafield>
            <qtimetadatafield>
              <fieldlabel>original_answer_ids</fieldlabel>
              <fieldentry>text2qti_choice_673c14506f7c2c68c78378927e78023b4130ea29eea41f6676ca165cacaa9c05,text2qti_choice_7926665b9b4a3b52f9973fa491cdd4a910685cc6da910235cbb5978041569ee6,text2qti_choice_a209295b6c8f9a4b3c34188e64e4f938571e82a099a4a646ed0b9f1193f5f5be,text2qti_choice_3315b7083cbc208d56df6bb07eee0ff3e38900bf39ef283565459658b316563c</fieldentry>
            </qtimetadatafield>
            <qtimetadatafield>
              <fieldlabel>assessment_question_identifierref</fieldlabel>
              <fieldentry>text2qti_question_ref_980df617761e5dbe90fbfe2fbccc38929214244582d7d6d95ad0f002aa1e9604</fieldentry>
            </qtimetadatafield>
          </qtimetadata>
        </itemmetadata>
        <presentation>
          <material>
            <mattext texttype="text/html">&lt;p&gt;Selecciona la opción correcta. ¿Qué representan los dos primeros dígitos en la designación SAE de un acero?&lt;/p&gt;</mattext>
          </material>
          <response_lid ident="response1" rcardinality="Single">
            <render_choice>
              <response_label ident="text2qti_choice_673c14506f7c2c68c78378927e78023b4130ea29eea41f6676ca165cacaa9c05">
                <material>
                  <mattext texttype="text/html">&lt;p&gt;Porcentaje de carbono multiplicado por 100&lt;/p&gt;</mattext>
                </material>
              </response_label>
              <response_label ident="text2qti_choice_7926665b9b4a3b52f9973fa491cdd4a910685cc6da910235cbb5978041569ee6">
                <material>
                  <mattext texttype="text/html">&lt;p&gt;Tipo de acero o principal elemento de aleación&lt;/p&gt;</mattext>
                </material>
              </response_label>
              <response_label ident="text2qti_choice_a209295b6c8f9a4b3c34188e64e4f938571e82a099a4a646ed0b9f1193f5f5be">
                <material>
                  <mattext texttype="text/html">&lt;p&gt;Año de producción&lt;/p&gt;</mattext>
                </material>
              </response_label>
              <response_label ident="text2qti_choice_3315b7083cbc208d56df6bb07eee0ff3e38900bf39ef283565459658b316563c">
                <material>
                  <mattext texttype="text/html">&lt;p&gt;Resistencia a la tracción&lt;/p&gt;</mattext>
                </material>
              </response_label>
            </render_choice>
          </response_lid>
        </presentation>
        <resprocessing>
          <outcomes>
            <decvar maxvalue="100" minvalue="0" varname="SCORE" vartype="Decimal"/>
          </outcomes>
          <respcondition continue="No">
            <conditionvar>
              <varequal respident="response1">text2qti_choice_7926665b9b4a3b52f9973fa491cdd4a910685cc6da910235cbb5978041569ee6</varequal>
            </conditionvar>
            <setvar action="Set" varname="SCORE">100</setvar>
          </respcondition>
        </resprocessing>
      </item>
      <item ident="text2qti_question_668c62913e9f6832ba813c818d75fbf2202aed05264462689c195b45e400e25b" title="Question">
        <itemmetadata>
          <qtimetadata>
            <qtimetadatafield>
              <fieldlabel>question_type</fieldlabel>
              <fieldentry>multiple_choice_question</fieldentry>
            </qtimetadatafield>
            <qtimetadatafield>
              <fieldlabel>points_possible</fieldlabel>
              <fieldentry>1</fieldentry>
            </qtimetadatafield>
            <qtimetadatafield>
              <fieldlabel>original_answer_ids</fieldlabel>
              <fieldentry>text2qti_choice_3c1044026071530f7b92e0190d92aa4f539b75a874fd8d0e9e52a96c6e7e55e0,text2qti_choice_123cb2a3e52f28e04e5d987519a750939360dc83651c821fef11bc088aec27da,text2qti_choice_fa47ff7a80c2c5f474f322cb96b6e77813e1c9aaba3771050110f97d53a6f692,text2qti_choice_f2bd72289a47ff51b43c2199e953b39636e703090defdbd88a4a282b0a69b6c5</fieldentry>
            </qtimetadatafield>
            <qtimetadatafield>
              <fieldlabel>assessment_question_identifierref</fieldlabel>
              <fieldentry>text2qti_question_ref_668c62913e9f6832ba813c818d75fbf2202aed05264462689c195b45e400e25b</fieldentry>
            </qtimetadatafield>
          </qtimetadata>
        </itemmetadata>
        <presentation>
          <material>
            <mattext texttype="text/html">&lt;p&gt;¿Qué porcentaje de carbono contiene un acero SAE 1045?&lt;/p&gt;</mattext>
          </material>
          <response_lid ident="response1" rcardinality="Single">
            <render_choice>
              <response_label ident="text2qti_choice_3c1044026071530f7b92e0190d92aa4f539b75a874fd8d0e9e52a96c6e7e55e0">
                <material>
                  <mattext texttype="text/html">&lt;p&gt;45%&lt;/p&gt;</mattext>
                </material>
              </response_label>
              <response_label ident="text2qti_choice_123cb2a3e52f28e04e5d987519a750939360dc83651c821fef11bc088aec27da">
                <material>
                  <mattext texttype="text/html">&lt;p&gt;4,5%&lt;/p&gt;</mattext>
                </material>
              </response_label>
              <response_label ident="text2qti_choice_fa47ff7a80c2c5f474f322cb96b6e77813e1c9aaba3771050110f97d53a6f692">
                <material>
                  <mattext texttype="text/html">&lt;p&gt;0,45%&lt;/p&gt;</mattext>
                </material>
              </response_label>
              <response_label ident="text2qti_choice_f2bd72289a47ff51b43c2199e953b39636e703090defdbd88a4a282b0a69b6c5">
                <material>
                  <mattext texttype="text/html">&lt;p&gt;10%&lt;/p&gt;</mattext>
                </material>
              </response_label>
            </render_choice>
          </response_lid>
        </presentation>
        <resprocessing>
          <outcomes>
            <decvar maxvalue="100" minvalue="0" varname="SCORE" vartype="Decimal"/>
          </outcomes>
          <respcondition continue="No">
            <conditionvar>
              <varequal respident="response1">text2qti_choice_fa47ff7a80c2c5f474f322cb96b6e77813e1c9aaba3771050110f97d53a6f692</varequal>
            </conditionvar>
            <setvar action="Set" varname="SCORE">100</setvar>
          </respcondition>
        </resprocessing>
      </item>
      <item ident="text2qti_question_10e1ac43e141d611842dd8fa06583c3e8b4c5378fcb2bae3d318f44a6c7ea1c1" title="Question">
        <itemmetadata>
          <qtimetadata>
            <qtimetadatafield>
              <fieldlabel>question_type</fieldlabel>
              <fieldentry>multiple_choice_question</fieldentry>
            </qtimetadatafield>
            <qtimetadatafield>
              <fieldlabel>points_possible</fieldlabel>
              <fieldentry>1</fieldentry>
            </qtimetadatafield>
            <qtimetadatafield>
              <fieldlabel>original_answer_ids</fieldlabel>
              <fieldentry>text2qti_choice_6970beca981afefe909213cfc9f106fdd974c4772d5d6b97614ea0aefa13da9d,text2qti_choice_08b26851645b0eba6f0871ac15c9b0ec992d5413bb689a49efd9a1511582b73e,text2qti_choice_5986ac306e01e55a61bcc543a8719c9be83d8004475e95bfb0b774647659010c,text2qti_choice_74eaf0022b10b581d666dfe48060460becebb446fe00101dc8f1a37736590ff5</fieldentry>
            </qtimetadatafield>
            <qtimetadatafield>
              <fieldlabel>assessment_question_identifierref</fieldlabel>
              <fieldentry>text2qti_question_ref_10e1ac43e141d611842dd8fa06583c3e8b4c5378fcb2bae3d318f44a6c7ea1c1</fieldentry>
            </qtimetadatafield>
          </qtimetadata>
        </itemmetadata>
        <presentation>
          <material>
            <mattext texttype="text/html">&lt;p&gt;¿Qué clase de acero es un SAE 1045?&lt;/p&gt;</mattext>
          </material>
          <response_lid ident="response1" rcardinality="Single">
            <render_choice>
              <response_label ident="text2qti_choice_6970beca981afefe909213cfc9f106fdd974c4772d5d6b97614ea0aefa13da9d">
                <material>
                  <mattext texttype="text/html">&lt;p&gt;Acero aleado&lt;/p&gt;</mattext>
                </material>
              </response_label>
              <response_label ident="text2qti_choice_08b26851645b0eba6f0871ac15c9b0ec992d5413bb689a49efd9a1511582b73e">
                <material>
                  <mattext texttype="text/html">&lt;p&gt;Acero rápido&lt;/p&gt;</mattext>
                </material>
              </response_label>
              <response_label ident="text2qti_choice_5986ac306e01e55a61bcc543a8719c9be83d8004475e95bfb0b774647659010c">
                <material>
                  <mattext texttype="text/html">&lt;p&gt;Acero al carbono&lt;/p&gt;</mattext>
                </material>
              </response_label>
              <response_label ident="text2qti_choice_74eaf0022b10b581d666dfe48060460becebb446fe00101dc8f1a37736590ff5">
                <material>
                  <mattext texttype="text/html">&lt;p&gt;Acero para herramientas de torno&lt;/p&gt;</mattext>
                </material>
              </response_label>
            </render_choice>
          </response_lid>
        </presentation>
        <resprocessing>
          <outcomes>
            <decvar maxvalue="100" minvalue="0" varname="SCORE" vartype="Decimal"/>
          </outcomes>
          <respcondition continue="No">
            <conditionvar>
              <varequal respident="response1">text2qti_choice_5986ac306e01e55a61bcc543a8719c9be83d8004475e95bfb0b774647659010c</varequal>
            </conditionvar>
            <setvar action="Set" varname="SCORE">100</setvar>
          </respcondition>
        </resprocessing>
      </item>
      <item ident="text2qti_question_147f132f7cfa64a764fcb1aec9cc0a7e77e8de682e1dcab1db952e9e61434182" title="Question">
        <itemmetadata>
          <qtimetadata>
            <qtimetadatafield>
              <fieldlabel>question_type</fieldlabel>
              <fieldentry>multiple_answers_question</fieldentry>
            </qtimetadatafield>
            <qtimetadatafield>
              <fieldlabel>points_possible</fieldlabel>
              <fieldentry>1</fieldentry>
            </qtimetadatafield>
            <qtimetadatafield>
              <fieldlabel>original_answer_ids</fieldlabel>
              <fieldentry>text2qti_choice_8ed05eff31a7f0129dee1fca67d8e46c446c630f7abcf547855c16f2fc7120aa,text2qti_choice_67e819b0d32681cc5c32e0c4f8735d60cc4a60a5bf569cb3d36a8b6020808d5f,text2qti_choice_d9c50ce3cb9d4b18e266b532750f8f335187494f8a54c46d7732da4b56208cd6,text2qti_choice_a5d9e50737c4aa1f074b9cc1916100728d9c3aec5946bd232d69d9d49f2534a7</fieldentry>
            </qtimetadatafield>
            <qtimetadatafield>
              <fieldlabel>assessment_question_identifierref</fieldlabel>
              <fieldentry>text2qti_question_ref_147f132f7cfa64a764fcb1aec9cc0a7e77e8de682e1dcab1db952e9e61434182</fieldentry>
            </qtimetadatafield>
          </qtimetadata>
        </itemmetadata>
        <presentation>
          <material>
            <mattext texttype="text/html">&lt;p&gt;Elige todas las opciones correctas. En el sistema IRAM-IAS, la letra &amp;ldquo;F&amp;rdquo; indica:&lt;/p&gt;</mattext>
          </material>
          <response_lid ident="response1" rcardinality="Multiple">
            <render_choice>
              <response_label ident="text2qti_choice_8ed05eff31a7f0129dee1fca67d8e46c446c630f7abcf547855c16f2fc7120aa">
                <material>
                  <mattext texttype="text/html">&lt;p&gt;Aceros para construcción mecánica&lt;/p&gt;</mattext>
                </material>
              </response_label>
              <response_label ident="text2qti_choice_67e819b0d32681cc5c32e0c4f8735d60cc4a60a5bf569cb3d36a8b6020808d5f">
                <material>
                  <mattext texttype="text/html">&lt;p&gt;Aceros inoxidables&lt;/p&gt;</mattext>
                </material>
              </response_label>
              <response_label ident="text2qti_choice_d9c50ce3cb9d4b18e266b532750f8f335187494f8a54c46d7732da4b56208cd6">
                <material>
                  <mattext texttype="text/html">&lt;p&gt;Aceros de herramienta&lt;/p&gt;</mattext>
                </material>
              </response_label>
              <response_label ident="text2qti_choice_a5d9e50737c4aa1f074b9cc1916100728d9c3aec5946bd232d69d9d49f2534a7">
                <material>
                  <mattext texttype="text/html">&lt;p&gt;Calidad específica dentro de aceros al carbono&lt;/p&gt;</mattext>
                </material>
              </response_label>
            </render_choice>
          </response_lid>
        </presentation>
        <resprocessing>
          <outcomes>
            <decvar maxvalue="100" minvalue="0" varname="SCORE" vartype="Decimal"/>
          </outcomes>
          <respcondition continue="No">
            <conditionvar>
              <and>
                <varequal respident="response1">text2qti_choice_8ed05eff31a7f0129dee1fca67d8e46c446c630f7abcf547855c16f2fc7120aa</varequal>
                <not>
                  <varequal respident="response1">text2qti_choice_67e819b0d32681cc5c32e0c4f8735d60cc4a60a5bf569cb3d36a8b6020808d5f</varequal>
                </not>
                <not>
                  <varequal respident="response1">text2qti_choice_d9c50ce3cb9d4b18e266b532750f8f335187494f8a54c46d7732da4b56208cd6</varequal>
                </not>
                <varequal respident="response1">text2qti_choice_a5d9e50737c4aa1f074b9cc1916100728d9c3aec5946bd232d69d9d49f2534a7</varequal>
              </and>
            </conditionvar>
            <setvar action="Set" varname="SCORE">100</setvar>
          </respcondition>
        </resprocessing>
      </item>
    </section>
    <section ident="text2qti_group_084c611eb45587a0462c7fc57bbd9eafa457f1956d35b4c463f9c7c790c62340" title="Group">
      <selection_ordering>
        <selection>
          <selection_number>1</selection_number>
          <selection_extension>
            <points_per_item>1</points_per_item>
          </selection_extension>
        </selection>
      </selection_ordering>
      <item ident="text2qti_question_0ccadf718ae46ecd28a0c1e87e1c3de60f3fe1490693a7ad1e2e099694ec1e73" title="Question">
        <itemmetadata>
          <qtimetadata>
            <qtimetadatafield>
              <fieldlabel>question_type</fieldlabel>
              <fieldentry>multiple_choice_question</fieldentry>
            </qtimetadatafield>
            <qtimetadatafield>
              <fieldlabel>points_possible</fieldlabel>
              <fieldentry>1</fieldentry>
            </qtimetadatafield>
            <qtimetadatafield>
              <fieldlabel>original_answer_ids</fieldlabel>
              <fieldentry>text2qti_choice_dcdec9d9afcd8492491dd3bd6e9dc4f3f329cb7c953ace6cb5b461eaa3eb09d4,text2qti_choice_b00981bc3096f9d353341d38356216bed4fec506ca1fe0a476567f37f2c03ed4,text2qti_choice_9b09480b8cec2d576b8747b5b6077214c41f13b095dcee2ae31c36cc97b524a7,text2qti_choice_cc92112118a7be81dddafdf9684f33b50502f45f79f54969b6b4a67e9c9ac41d</fieldentry>
            </qtimetadatafield>
            <qtimetadatafield>
              <fieldlabel>assessment_question_identifierref</fieldlabel>
              <fieldentry>text2qti_question_ref_0ccadf718ae46ecd28a0c1e87e1c3de60f3fe1490693a7ad1e2e099694ec1e73</fieldentry>
            </qtimetadatafield>
          </qtimetadata>
        </itemmetadata>
        <presentation>
          <material>
            <mattext texttype="text/html">&lt;p&gt;Selecciona la opción correcta. ¿Cuál de estos elementos NO se oxida durante la refinación en convertidores o hornos eléctricos?&lt;/p&gt;</mattext>
          </material>
          <response_lid ident="response1" rcardinality="Single">
            <render_choice>
              <response_label ident="text2qti_choice_dcdec9d9afcd8492491dd3bd6e9dc4f3f329cb7c953ace6cb5b461eaa3eb09d4">
                <material>
                  <mattext texttype="text/html">&lt;p&gt;Carbono&lt;/p&gt;</mattext>
                </material>
              </response_label>
              <response_label ident="text2qti_choice_b00981bc3096f9d353341d38356216bed4fec506ca1fe0a476567f37f2c03ed4">
                <material>
                  <mattext texttype="text/html">&lt;p&gt;Silicio&lt;/p&gt;</mattext>
                </material>
              </response_label>
              <response_label ident="text2qti_choice_9b09480b8cec2d576b8747b5b6077214c41f13b095dcee2ae31c36cc97b524a7">
                <material>
                  <mattext texttype="text/html">&lt;p&gt;Manganeso&lt;/p&gt;</mattext>
                </material>
              </response_label>
              <response_label ident="text2qti_choice_cc92112118a7be81dddafdf9684f33b50502f45f79f54969b6b4a67e9c9ac41d">
                <material>
                  <mattext texttype="text/html">&lt;p&gt;Oro&lt;/p&gt;</mattext>
                </material>
              </response_label>
            </render_choice>
          </response_lid>
        </presentation>
        <resprocessing>
          <outcomes>
            <decvar maxvalue="100" minvalue="0" varname="SCORE" vartype="Decimal"/>
          </outcomes>
          <respcondition continue="No">
            <conditionvar>
              <varequal respident="response1">text2qti_choice_cc92112118a7be81dddafdf9684f33b50502f45f79f54969b6b4a67e9c9ac41d</varequal>
            </conditionvar>
            <setvar action="Set" varname="SCORE">100</setvar>
          </respcondition>
        </resprocessing>
      </item>
      <item ident="text2qti_question_22d67d0903db2d143c4ac40595ae49403f86e896416d47ae6a8f6751492f7023" title="Question">
        <itemmetadata>
          <qtimetadata>
            <qtimetadatafield>
              <fieldlabel>question_type</fieldlabel>
              <fieldentry>multiple_answers_question</fieldentry>
            </qtimetadatafield>
            <qtimetadatafield>
              <fieldlabel>points_possible</fieldlabel>
              <fieldentry>1</fieldentry>
            </qtimetadatafield>
            <qtimetadatafield>
              <fieldlabel>original_answer_ids</fieldlabel>
              <fieldentry>text2qti_choice_9e4826ffcf46647d5b69957165c597f3477d5baf0b656b0ebfd2d1221c74c148,text2qti_choice_66171a93b5946c9cd67d981b909bd171a7d5265c5fd7fd367ac738f97ee40d67,text2qti_choice_fecc1b8f1db2ab37de871f1acbbe81499cd9e88505da3640c927d293ec361c1d,text2qti_choice_6adbb13c47f38e2b8f4cb0de29eb2afedca00f29067f05bc8a969bfcc9b29cd6</fieldentry>
            </qtimetadatafield>
            <qtimetadatafield>
              <fieldlabel>assessment_question_identifierref</fieldlabel>
              <fieldentry>text2qti_question_ref_22d67d0903db2d143c4ac40595ae49403f86e896416d47ae6a8f6751492f7023</fieldentry>
            </qtimetadatafield>
          </qtimetadata>
        </itemmetadata>
        <presentation>
          <material>
            <mattext texttype="text/html">&lt;p&gt;Elige todas las opciones correctas. Las ventajas del horno eléctrico de arco incluyen:&lt;/p&gt;</mattext>
          </material>
          <response_lid ident="response1" rcardinality="Multiple">
            <render_choice>
              <response_label ident="text2qti_choice_9e4826ffcf46647d5b69957165c597f3477d5baf0b656b0ebfd2d1221c74c148">
                <material>
                  <mattext texttype="text/html">&lt;p&gt;Control preciso de composición química&lt;/p&gt;</mattext>
                </material>
              </response_label>
              <response_label ident="text2qti_choice_66171a93b5946c9cd67d981b909bd171a7d5265c5fd7fd367ac738f97ee40d67">
                <material>
                  <mattext texttype="text/html">&lt;p&gt;Posibilidad de producir aceros aleados y especiales&lt;/p&gt;</mattext>
                </material>
              </response_label>
              <response_label ident="text2qti_choice_fecc1b8f1db2ab37de871f1acbbe81499cd9e88505da3640c927d293ec361c1d">
                <material>
                  <mattext texttype="text/html">&lt;p&gt;Baja temperatura de operación&lt;/p&gt;</mattext>
                </material>
              </response_label>
              <response_label ident="text2qti_choice_6adbb13c47f38e2b8f4cb0de29eb2afedca00f29067f05bc8a969bfcc9b29cd6">
                <material>
                  <mattext texttype="text/html">&lt;p&gt;Dependencia exclusiva del arrabio&lt;/p&gt;</mattext>
                </material>
              </response_label>
            </render_choice>
          </response_lid>
        </presentation>
        <resprocessing>
          <outcomes>
            <decvar maxvalue="100" minvalue="0" varname="SCORE" vartype="Decimal"/>
          </outcomes>
          <respcondition continue="No">
            <conditionvar>
              <and>
                <varequal respident="response1">text2qti_choice_9e4826ffcf46647d5b69957165c597f3477d5baf0b656b0ebfd2d1221c74c148</varequal>
                <varequal respident="response1">text2qti_choice_66171a93b5946c9cd67d981b909bd171a7d5265c5fd7fd367ac738f97ee40d67</varequal>
                <not>
                  <varequal respident="response1">text2qti_choice_fecc1b8f1db2ab37de871f1acbbe81499cd9e88505da3640c927d293ec361c1d</varequal>
                </not>
                <not>
                  <varequal respident="response1">text2qti_choice_6adbb13c47f38e2b8f4cb0de29eb2afedca00f29067f05bc8a969bfcc9b29cd6</varequal>
                </not>
              </and>
            </conditionvar>
            <setvar action="Set" varname="SCORE">100</setvar>
          </respcondition>
        </resprocessing>
      </item>
      <item ident="text2qti_question_b38445869c6db4b9403850f87f086f88dc2733bf48189835041d6124043331da" title="Question">
        <itemmetadata>
          <qtimetadata>
            <qtimetadatafield>
              <fieldlabel>question_type</fieldlabel>
              <fieldentry>multiple_choice_question</fieldentry>
            </qtimetadatafield>
            <qtimetadatafield>
              <fieldlabel>points_possible</fieldlabel>
              <fieldentry>1</fieldentry>
            </qtimetadatafield>
            <qtimetadatafield>
              <fieldlabel>original_answer_ids</fieldlabel>
              <fieldentry>text2qti_choice_9a98ccc5571a3ecf55967bdd7d532581a0b198581542b12601912b9e6b89a592,text2qti_choice_8873d415051747ecdf913e039f5abd38e30e5317ba6ee8a1caabcd2ec7d84afa,text2qti_choice_c7ffcd7095f120f7fd795726ff08b999c69a8b157e4886fb6e3ae4a9f791e312,text2qti_choice_671ae4fcb9c6637247d40458c65a899db2d6343a26686303f4971b70a492cbf7</fieldentry>
            </qtimetadatafield>
            <qtimetadatafield>
              <fieldlabel>assessment_question_identifierref</fieldlabel>
              <fieldentry>text2qti_question_ref_b38445869c6db4b9403850f87f086f88dc2733bf48189835041d6124043331da</fieldentry>
            </qtimetadatafield>
          </qtimetadata>
        </itemmetadata>
        <presentation>
          <material>
            <mattext texttype="text/html">&lt;p&gt;Selecciona la opción correcta. La reacción de oxígeno con impurezas forma principalmente:&lt;/p&gt;</mattext>
          </material>
          <response_lid ident="response1" rcardinality="Single">
            <render_choice>
              <response_label ident="text2qti_choice_9a98ccc5571a3ecf55967bdd7d532581a0b198581542b12601912b9e6b89a592">
                <material>
                  <mattext texttype="text/html">&lt;p&gt;Acero líquido&lt;/p&gt;</mattext>
                </material>
              </response_label>
              <response_label ident="text2qti_choice_8873d415051747ecdf913e039f5abd38e30e5317ba6ee8a1caabcd2ec7d84afa">
                <material>
                  <mattext texttype="text/html">&lt;p&gt;Oxígeno libre&lt;/p&gt;</mattext>
                </material>
              </response_label>
              <response_label ident="text2qti_choice_c7ffcd7095f120f7fd795726ff08b999c69a8b157e4886fb6e3ae4a9f791e312">
                <material>
                  <mattext texttype="text/html">&lt;p&gt;Escoria que flota sobre el metal&lt;/p&gt;</mattext>
                </material>
              </response_label>
              <response_label ident="text2qti_choice_671ae4fcb9c6637247d40458c65a899db2d6343a26686303f4971b70a492cbf7">
                <material>
                  <mattext texttype="text/html">&lt;p&gt;Aleantes&lt;/p&gt;</mattext>
                </material>
              </response_label>
            </render_choice>
          </response_lid>
        </presentation>
        <resprocessing>
          <outcomes>
            <decvar maxvalue="100" minvalue="0" varname="SCORE" vartype="Decimal"/>
          </outcomes>
          <respcondition continue="No">
            <conditionvar>
              <varequal respident="response1">text2qti_choice_c7ffcd7095f120f7fd795726ff08b999c69a8b157e4886fb6e3ae4a9f791e312</varequal>
            </conditionvar>
            <setvar action="Set" varname="SCORE">100</setvar>
          </respcondition>
        </resprocessing>
      </item>
    </section>
    <section ident="text2qti_group_04bf01c7279733ae44c2b3d4f362482ccfe41e4a889290c7c8176105ea5ae8ca" title="Group">
      <selection_ordering>
        <selection>
          <selection_number>1</selection_number>
          <selection_extension>
            <points_per_item>1</points_per_item>
          </selection_extension>
        </selection>
      </selection_ordering>
      <item ident="text2qti_question_eca3de58ed856e99b9e3df90ebe36462cb083a5bfe1a0545709f777edef9ad10" title="Question">
        <itemmetadata>
          <qtimetadata>
            <qtimetadatafield>
              <fieldlabel>question_type</fieldlabel>
              <fieldentry>multiple_choice_question</fieldentry>
            </qtimetadatafield>
            <qtimetadatafield>
              <fieldlabel>points_possible</fieldlabel>
              <fieldentry>1</fieldentry>
            </qtimetadatafield>
            <qtimetadatafield>
              <fieldlabel>original_answer_ids</fieldlabel>
              <fieldentry>text2qti_choice_04f5dd9acfced7f8b63156c634aac142bfb9b8ac4bc657ac03d21877cf924871,text2qti_choice_990c235c85061bcc7e7c7052d661cc88e47a7f3e23751439a23e9860c319d3dc,text2qti_choice_c3f36e46a464a1000ec783769a24710f6989ac4415bcc950c1f8679d9b5f329f,text2qti_choice_8ce04f24eeca6a81f799763bf9c3f2b988dc39bd7f0748de71efdd55bb523669</fieldentry>
            </qtimetadatafield>
            <qtimetadatafield>
              <fieldlabel>assessment_question_identifierref</fieldlabel>
              <fieldentry>text2qti_question_ref_eca3de58ed856e99b9e3df90ebe36462cb083a5bfe1a0545709f777edef9ad10</fieldentry>
            </qtimetadatafield>
          </qtimetadata>
        </itemmetadata>
        <presentation>
          <material>
            <mattext texttype="text/html">&lt;p&gt;Select the correct option. What do the first two digits in the SAE designation of a steel represent?&lt;/p&gt;</mattext>
          </material>
          <response_lid ident="response1" rcardinality="Single">
            <render_choice>
              <response_label ident="text2qti_choice_04f5dd9acfced7f8b63156c634aac142bfb9b8ac4bc657ac03d21877cf924871">
                <material>
                  <mattext texttype="text/html">&lt;p&gt;Carbon percentage multiplied by 100&lt;/p&gt;</mattext>
                </material>
              </response_label>
              <response_label ident="text2qti_choice_990c235c85061bcc7e7c7052d661cc88e47a7f3e23751439a23e9860c319d3dc">
                <material>
                  <mattext texttype="text/html">&lt;p&gt;Steel type or main alloying element&lt;/p&gt;</mattext>
                </material>
              </response_label>
              <response_label ident="text2qti_choice_c3f36e46a464a1000ec783769a24710f6989ac4415bcc950c1f8679d9b5f329f">
                <material>
                  <mattext texttype="text/html">&lt;p&gt;Year of production&lt;/p&gt;</mattext>
                </material>
              </response_label>
              <response_label ident="text2qti_choice_8ce04f24eeca6a81f799763bf9c3f2b988dc39bd7f0748de71efdd55bb523669">
                <material>
                  <mattext texttype="text/html">&lt;p&gt;Tensile strength&lt;/p&gt;</mattext>
                </material>
              </response_label>
            </render_choice>
          </response_lid>
        </presentation>
        <resprocessing>
          <outcomes>
            <decvar maxvalue="100" minvalue="0" varname="SCORE" vartype="Decimal"/>
          </outcomes>
          <respcondition continue="No">
            <conditionvar>
              <varequal respident="response1">text2qti_choice_990c235c85061bcc7e7c7052d661cc88e47a7f3e23751439a23e9860c319d3dc</varequal>
            </conditionvar>
            <setvar action="Set" varname="SCORE">100</setvar>
          </respcondition>
        </resprocessing>
      </item>
      <item ident="text2qti_question_b75fefc7c129346b5f68330951256fc1082ac54feeee20fbe21f03937d3f77e9" title="Question">
        <itemmetadata>
          <qtimetadata>
            <qtimetadatafield>
              <fieldlabel>question_type</fieldlabel>
              <fieldentry>multiple_choice_question</fieldentry>
            </qtimetadatafield>
            <qtimetadatafield>
              <fieldlabel>points_possible</fieldlabel>
              <fieldentry>1</fieldentry>
            </qtimetadatafield>
            <qtimetadatafield>
              <fieldlabel>original_answer_ids</fieldlabel>
              <fieldentry>text2qti_choice_607502a7ac8294bbb8d5e717a0a2b989587941f7e7131833a4f485644713dd89,text2qti_choice_9e9c1807c14b4f5072f602ca301b2c31c5774b1cbbe6d46e4305cd848802029f,text2qti_choice_ef24ba10a874a90d4b60590cb8dc1d0e22f99aa6c6a5e68a9d0b03dc5532d94b,text2qti_choice_09de949ed3f1ad0d71ecc7d4a2a5f505159a5654077d13077db913fba6b0a4bc</fieldentry>
            </qtimetadatafield>
            <qtimetadatafield>
              <fieldlabel>assessment_question_identifierref</fieldlabel>
              <fieldentry>text2qti_question_ref_b75fefc7c129346b5f68330951256fc1082ac54feeee20fbe21f03937d3f77e9</fieldentry>
            </qtimetadatafield>
          </qtimetadata>
        </itemmetadata>
        <presentation>
          <material>
            <mattext texttype="text/html">&lt;p&gt;What percentage of carbon does an SAE 1020 steel contain?&lt;/p&gt;</mattext>
          </material>
          <response_lid ident="response1" rcardinality="Single">
            <render_choice>
              <response_label ident="text2qti_choice_607502a7ac8294bbb8d5e717a0a2b989587941f7e7131833a4f485644713dd89">
                <material>
                  <mattext texttype="text/html">&lt;p&gt;20%&lt;/p&gt;</mattext>
                </material>
              </response_label>
              <response_label ident="text2qti_choice_9e9c1807c14b4f5072f602ca301b2c31c5774b1cbbe6d46e4305cd848802029f">
                <material>
                  <mattext texttype="text/html">&lt;p&gt;2%&lt;/p&gt;</mattext>
                </material>
              </response_label>
              <response_label ident="text2qti_choice_ef24ba10a874a90d4b60590cb8dc1d0e22f99aa6c6a5e68a9d0b03dc5532d94b">
                <material>
                  <mattext texttype="text/html">&lt;p&gt;0.2%&lt;/p&gt;</mattext>
                </material>
              </response_label>
              <response_label ident="text2qti_choice_09de949ed3f1ad0d71ecc7d4a2a5f505159a5654077d13077db913fba6b0a4bc">
                <material>
                  <mattext texttype="text/html">&lt;p&gt;10%&lt;/p&gt;</mattext>
                </material>
              </response_label>
            </render_choice>
          </response_lid>
        </presentation>
        <resprocessing>
          <outcomes>
            <decvar maxvalue="100" minvalue="0" varname="SCORE" vartype="Decimal"/>
          </outcomes>
          <respcondition continue="No">
            <conditionvar>
              <varequal respident="response1">text2qti_choice_ef24ba10a874a90d4b60590cb8dc1d0e22f99aa6c6a5e68a9d0b03dc5532d94b</varequal>
            </conditionvar>
            <setvar action="Set" varname="SCORE">100</setvar>
          </respcondition>
        </resprocessing>
      </item>
      <item ident="text2qti_question_ed7c59219b5e0ae17828e0a8d15174b62e6f72ba01fff5a9063f2bedbd2bbc42" title="Question">
        <itemmetadata>
          <qtimetadata>
            <qtimetadatafield>
              <fieldlabel>question_type</fieldlabel>
              <fieldentry>multiple_choice_question</fieldentry>
            </qtimetadatafield>
            <qtimetadatafield>
              <fieldlabel>points_possible</fieldlabel>
              <fieldentry>1</fieldentry>
            </qtimetadatafield>
            <qtimetadatafield>
              <fieldlabel>original_answer_ids</fieldlabel>
              <fieldentry>text2qti_choice_cff5d73c740c47fecdb746422c5647765ac8e164bf03652468c5338c4b499ca9,text2qti_choice_a88719f1ee8d406091269649d0ff88ae6effae8644ea075c6a1e0c92a3b8cc58,text2qti_choice_53ef652c38a45dc9524ec974e8e985ad6c776c33a01368ead2f9d5fd26303e49,text2qti_choice_2304ceb70fb70aa7363593b3477ed1509716bf8f2f21954b4bfcd8878fb11432</fieldentry>
            </qtimetadatafield>
            <qtimetadatafield>
              <fieldlabel>assessment_question_identifierref</fieldlabel>
              <fieldentry>text2qti_question_ref_ed7c59219b5e0ae17828e0a8d15174b62e6f72ba01fff5a9063f2bedbd2bbc42</fieldentry>
            </qtimetadatafield>
          </qtimetadata>
        </itemmetadata>
        <presentation>
          <material>
            <mattext texttype="text/html">&lt;p&gt;Select the correct option. Which of these steels would you use for a lathe tool?&lt;/p&gt;</mattext>
          </material>
          <response_lid ident="response1" rcardinality="Single">
            <render_choice>
              <response_label ident="text2qti_choice_cff5d73c740c47fecdb746422c5647765ac8e164bf03652468c5338c4b499ca9">
                <material>
                  <mattext texttype="text/html">&lt;p&gt;Carbon steels&lt;/p&gt;</mattext>
                </material>
              </response_label>
              <response_label ident="text2qti_choice_a88719f1ee8d406091269649d0ff88ae6effae8644ea075c6a1e0c92a3b8cc58">
                <material>
                  <mattext texttype="text/html">&lt;p&gt;Alloy steels&lt;/p&gt;</mattext>
                </material>
              </response_label>
              <response_label ident="text2qti_choice_53ef652c38a45dc9524ec974e8e985ad6c776c33a01368ead2f9d5fd26303e49">
                <material>
                  <mattext texttype="text/html">&lt;p&gt;Stainless steels&lt;/p&gt;</mattext>
                </material>
              </response_label>
              <response_label ident="text2qti_choice_2304ceb70fb70aa7363593b3477ed1509716bf8f2f21954b4bfcd8878fb11432">
                <material>
                  <mattext texttype="text/html">&lt;p&gt;High-speed steels&lt;/p&gt;</mattext>
                </material>
              </response_label>
            </render_choice>
          </response_lid>
        </presentation>
        <resprocessing>
          <outcomes>
            <decvar maxvalue="100" minvalue="0" varname="SCORE" vartype="Decimal"/>
          </outcomes>
          <respcondition continue="No">
            <conditionvar>
              <varequal respident="response1">text2qti_choice_2304ceb70fb70aa7363593b3477ed1509716bf8f2f21954b4bfcd8878fb11432</varequal>
            </conditionvar>
            <setvar action="Set" varname="SCORE">100</setvar>
          </respcondition>
        </resprocessing>
      </item>
    </section>
    </section>
  </assessment>
</questestinterop>
