<?xml version="1.0" encoding="UTF-8"?>
<questestinterop xmlns="http://www.imsglobal.org/xsd/ims_qtiasiv1p2" xmlns:xsi="http://www.w3.org/2001/XMLSchema-instance" xsi:schemaLocation="http://www.imsglobal.org/xsd/ims_qtiasiv1p2 http://www.imsglobal.org/xsd/ims_qtiasiv1p2p1.xsd">
  <assessment ident="text2qti_assessment_b357763cbc6b64671648fc9601c96aed5d0ba36e213a996dc83b401801fecfa0" title="Ejercicio interactivo sobre tipos de materiales">
    <qtimetadata>
      <qtimetadatafield>
        <fieldlabel>cc_maxattempts</fieldlabel>
        <fieldentry>1</fieldentry>
      </qtimetadatafield>
    </qtimetadata>
    <section ident="root_section">
    <section ident="text2qti_group_0d47ee09ad6da1346959dfa1dd3cebc509479407c6a4a0a1ceb15a9e98a2db18" title="Group">
      <selection_ordering>
        <selection>
          <selection_number>2</selection_number>
          <selection_extension>
            <points_per_item>1</points_per_item>
          </selection_extension>
        </selection>
      </selection_ordering>
      <item ident="text2qti_question_0925beb8bce885713f66d0b4a202d11e5e7ce2b16638da88c5b147041762738b" title="Question">
        <itemmetadata>
          <qtimetadata>
            <qtimetadatafield>
              <fieldlabel>question_type</fieldlabel>
              <fieldentry>multiple_choice_question</fieldentry>
            </qtimetadatafield>
            <qtimetadatafield>
              <fieldlabel>points_possible</fieldlabel>
              <fieldentry>1</fieldentry>
            </qtimetadatafield>
            <qtimetadatafield>
              <fieldlabel>original_answer_ids</fieldlabel>
              <fieldentry>text2qti_choice_0a831356c056d4fc9f08b89f04988872cd1fe4259b8bec72e042dd0a718cd617,text2qti_choice_cb57f34169448d51e54913183e2a71b62247286942d6856ccfe23a528ca5e2f6,text2qti_choice_c67cb5bdbd7a2e84da41cf5e20ac94f310753d9e2bbf30bf984c5e8210ab5947,text2qti_choice_71b272dcc984558c1a31e22638f8637115029b0e51f7cf82172a1626ab4ff172</fieldentry>
            </qtimetadatafield>
            <qtimetadatafield>
              <fieldlabel>assessment_question_identifierref</fieldlabel>
              <fieldentry>text2qti_question_ref_0925beb8bce885713f66d0b4a202d11e5e7ce2b16638da88c5b147041762738b</fieldentry>
            </qtimetadatafield>
          </qtimetadata>
        </itemmetadata>
        <presentation>
          <material>
            <mattext texttype="text/html">&lt;p&gt;Selecciona la opción correcta. Los materiales compuestos se caracterizan por:&lt;/p&gt;</mattext>
          </material>
          <response_lid ident="response1" rcardinality="Single">
            <render_choice>
              <response_label ident="text2qti_choice_0a831356c056d4fc9f08b89f04988872cd1fe4259b8bec72e042dd0a718cd617">
                <material>
                  <mattext texttype="text/html">&lt;p&gt;Combinar dos o más materiales para mejorar sus propiedades&lt;/p&gt;</mattext>
                </material>
              </response_label>
              <response_label ident="text2qti_choice_cb57f34169448d51e54913183e2a71b62247286942d6856ccfe23a528ca5e2f6">
                <material>
                  <mattext texttype="text/html">&lt;p&gt;Ser metales ferrosos con alto contenido de carbono&lt;/p&gt;</mattext>
                </material>
              </response_label>
              <response_label ident="text2qti_choice_c67cb5bdbd7a2e84da41cf5e20ac94f310753d9e2bbf30bf984c5e8210ab5947">
                <material>
                  <mattext texttype="text/html">&lt;p&gt;Ser polímeros con gran capacidad de deformación&lt;/p&gt;</mattext>
                </material>
              </response_label>
              <response_label ident="text2qti_choice_71b272dcc984558c1a31e22638f8637115029b0e51f7cf82172a1626ab4ff172">
                <material>
                  <mattext texttype="text/html">&lt;p&gt;Estar compuestos de dos metales como el bronce (cobre y estaño)&lt;/p&gt;</mattext>
                </material>
              </response_label>
            </render_choice>
          </response_lid>
        </presentation>
        <resprocessing>
          <outcomes>
            <decvar maxvalue="100" minvalue="0" varname="SCORE" vartype="Decimal"/>
          </outcomes>
          <respcondition continue="No">
            <conditionvar>
              <varequal respident="response1">text2qti_choice_0a831356c056d4fc9f08b89f04988872cd1fe4259b8bec72e042dd0a718cd617</varequal>
            </conditionvar>
            <setvar action="Set" varname="SCORE">100</setvar>
          </respcondition>
        </resprocessing>
      </item>
      <item ident="text2qti_question_cb9c0cafebe57d8323c068d1eeaf75ca2fd7fb5a928c23e6aca05c5f08a61a92" title="Question">
        <itemmetadata>
          <qtimetadata>
            <qtimetadatafield>
              <fieldlabel>question_type</fieldlabel>
              <fieldentry>multiple_choice_question</fieldentry>
            </qtimetadatafield>
            <qtimetadatafield>
              <fieldlabel>points_possible</fieldlabel>
              <fieldentry>1</fieldentry>
            </qtimetadatafield>
            <qtimetadatafield>
              <fieldlabel>original_answer_ids</fieldlabel>
              <fieldentry>text2qti_choice_5e823498ec898d7add38651f3fa41690bfe2afdb682ba8a85628cea854b3008c,text2qti_choice_ee8d2c5d4ed8f203e42d31b42592d094f3ce2b0e861cd532da6c4a6ffc4016bf,text2qti_choice_82b0645d4d125f07f069f66540648b63f9088c8e41009822f1eb4643b04ed36e,text2qti_choice_4bb87387fcd95a46ee95cb07c9f6e4de5f989dec970abf3658902168254c0daa</fieldentry>
            </qtimetadatafield>
            <qtimetadatafield>
              <fieldlabel>assessment_question_identifierref</fieldlabel>
              <fieldentry>text2qti_question_ref_cb9c0cafebe57d8323c068d1eeaf75ca2fd7fb5a928c23e6aca05c5f08a61a92</fieldentry>
            </qtimetadatafield>
          </qtimetadata>
        </itemmetadata>
        <presentation>
          <material>
            <mattext texttype="text/html">&lt;p&gt;Choose the correct option. In industry, the most widely used materials in mechanics are:&lt;/p&gt;</mattext>
          </material>
          <response_lid ident="response1" rcardinality="Single">
            <render_choice>
              <response_label ident="text2qti_choice_5e823498ec898d7add38651f3fa41690bfe2afdb682ba8a85628cea854b3008c">
                <material>
                  <mattext texttype="text/html">&lt;p&gt;Metals&lt;/p&gt;</mattext>
                </material>
              </response_label>
              <response_label ident="text2qti_choice_ee8d2c5d4ed8f203e42d31b42592d094f3ce2b0e861cd532da6c4a6ffc4016bf">
                <material>
                  <mattext texttype="text/html">&lt;p&gt;Ceramics&lt;/p&gt;</mattext>
                </material>
              </response_label>
              <response_label ident="text2qti_choice_82b0645d4d125f07f069f66540648b63f9088c8e41009822f1eb4643b04ed36e">
                <material>
                  <mattext texttype="text/html">&lt;p&gt;Polymers&lt;/p&gt;</mattext>
                </material>
              </response_label>
              <response_label ident="text2qti_choice_4bb87387fcd95a46ee95cb07c9f6e4de5f989dec970abf3658902168254c0daa">
                <material>
                  <mattext texttype="text/html">&lt;p&gt;Carbon fiber&lt;/p&gt;</mattext>
                </material>
              </response_label>
            </render_choice>
          </response_lid>
        </presentation>
        <resprocessing>
          <outcomes>
            <decvar maxvalue="100" minvalue="0" varname="SCORE" vartype="Decimal"/>
          </outcomes>
          <respcondition continue="No">
            <conditionvar>
              <varequal respident="response1">text2qti_choice_5e823498ec898d7add38651f3fa41690bfe2afdb682ba8a85628cea854b3008c</varequal>
            </conditionvar>
            <setvar action="Set" varname="SCORE">100</setvar>
          </respcondition>
        </resprocessing>
      </item>
      <item ident="text2qti_question_f59cde017c0c54ecef1b93cf8c861b396e709637b4e96cb154d97093a4e2a6ce" title="Question">
        <itemmetadata>
          <qtimetadata>
            <qtimetadatafield>
              <fieldlabel>question_type</fieldlabel>
              <fieldentry>multiple_answers_question</fieldentry>
            </qtimetadatafield>
            <qtimetadatafield>
              <fieldlabel>points_possible</fieldlabel>
              <fieldentry>1</fieldentry>
            </qtimetadatafield>
            <qtimetadatafield>
              <fieldlabel>original_answer_ids</fieldlabel>
              <fieldentry>text2qti_choice_16114c79c40502fd241fae4c8df14afa7024d8fa876ccb36075bef7034a612a1,text2qti_choice_e981843e9821235841acdd9e0e52cc711304c7a7b4c8b2794ce00a7f1a12e752,text2qti_choice_80b82389d27a212d2debacf89f833167fb20e902e1e798704ef408a0a08e82d2,text2qti_choice_fb09f0947eee64e3122ddd96ed0daaa684881e0f206dc173da77dd74e96b874e,text2qti_choice_ce0807b48755cf420f602d1791c8b78ed820c45f98a47e358938ea0fada93a3f</fieldentry>
            </qtimetadatafield>
            <qtimetadatafield>
              <fieldlabel>assessment_question_identifierref</fieldlabel>
              <fieldentry>text2qti_question_ref_f59cde017c0c54ecef1b93cf8c861b396e709637b4e96cb154d97093a4e2a6ce</fieldentry>
            </qtimetadatafield>
          </qtimetadata>
        </itemmetadata>
        <presentation>
          <material>
            <mattext texttype="text/html">&lt;p&gt;Elige todas las opciones correctas. Dentro de los materiales cerámicos se incluyen:&lt;/p&gt;</mattext>
          </material>
          <response_lid ident="response1" rcardinality="Multiple">
            <render_choice>
              <response_label ident="text2qti_choice_16114c79c40502fd241fae4c8df14afa7024d8fa876ccb36075bef7034a612a1">
                <material>
                  <mattext texttype="text/html">&lt;p&gt;Vidrios&lt;/p&gt;</mattext>
                </material>
              </response_label>
              <response_label ident="text2qti_choice_e981843e9821235841acdd9e0e52cc711304c7a7b4c8b2794ce00a7f1a12e752">
                <material>
                  <mattext texttype="text/html">&lt;p&gt;Porcelanas&lt;/p&gt;</mattext>
                </material>
              </response_label>
              <response_label ident="text2qti_choice_80b82389d27a212d2debacf89f833167fb20e902e1e798704ef408a0a08e82d2">
                <material>
                  <mattext texttype="text/html">&lt;p&gt;Ladrillos refractarios&lt;/p&gt;</mattext>
                </material>
              </response_label>
              <response_label ident="text2qti_choice_fb09f0947eee64e3122ddd96ed0daaa684881e0f206dc173da77dd74e96b874e">
                <material>
                  <mattext texttype="text/html">&lt;p&gt;Caucho&lt;/p&gt;</mattext>
                </material>
              </response_label>
              <response_label ident="text2qti_choice_ce0807b48755cf420f602d1791c8b78ed820c45f98a47e358938ea0fada93a3f">
                <material>
                  <mattext texttype="text/html">&lt;p&gt;Fibra de vidrio&lt;/p&gt;</mattext>
                </material>
              </response_label>
            </render_choice>
          </response_lid>
        </presentation>
        <resprocessing>
          <outcomes>
            <decvar maxvalue="100" minvalue="0" varname="SCORE" vartype="Decimal"/>
          </outcomes>
          <respcondition continue="No">
            <conditionvar>
              <and>
                <varequal respident="response1">text2qti_choice_16114c79c40502fd241fae4c8df14afa7024d8fa876ccb36075bef7034a612a1</varequal>
                <varequal respident="response1">text2qti_choice_e981843e9821235841acdd9e0e52cc711304c7a7b4c8b2794ce00a7f1a12e752</varequal>
                <varequal respident="response1">text2qti_choice_80b82389d27a212d2debacf89f833167fb20e902e1e798704ef408a0a08e82d2</varequal>
                <not>
                  <varequal respident="response1">text2qti_choice_fb09f0947eee64e3122ddd96ed0daaa684881e0f206dc173da77dd74e96b874e</varequal>
                </not>
                <not>
                  <varequal respident="response1">text2qti_choice_ce0807b48755cf420f602d1791c8b78ed820c45f98a47e358938ea0fada93a3f</varequal>
                </not>
              </and>
            </conditionvar>
            <setvar action="Set" varname="SCORE">100</setvar>
          </respcondition>
        </resprocessing>
      </item>
      <item ident="text2qti_question_ab526a27908d05d322b616a22d6af8bbc322760c81d1798a478d68ad30f8468c" title="Question">
        <itemmetadata>
          <qtimetadata>
            <qtimetadatafield>
              <fieldlabel>question_type</fieldlabel>
              <fieldentry>short_answer_question</fieldentry>
            </qtimetadatafield>
            <qtimetadatafield>
              <fieldlabel>points_possible</fieldlabel>
              <fieldentry>1</fieldentry>
            </qtimetadatafield>
            <qtimetadatafield>
              <fieldlabel>original_answer_ids</fieldlabel>
              <fieldentry>text2qti_choice_5a0981e4ea708f2f9a58a245c731dc9f6d60ae845d4b5d5a2e9f1838b126342e,text2qti_choice_342a17c01e7c2f257c8815a81e40bca334a90711267fd88ec5594ef51be7792f</fieldentry>
            </qtimetadatafield>
            <qtimetadatafield>
              <fieldlabel>assessment_question_identifierref</fieldlabel>
              <fieldentry>text2qti_question_ref_ab526a27908d05d322b616a22d6af8bbc322760c81d1798a478d68ad30f8468c</fieldentry>
            </qtimetadatafield>
          </qtimetadata>
        </itemmetadata>
        <presentation>
          <material>
            <mattext texttype="text/html">&lt;p&gt;¿Cuál es la familia de materiales que combina metal con fibras para obtener mejores propiedades? Responde en español con una sola palabra en plural y minúsculas.&lt;/p&gt;</mattext>
          </material>
          <response_str ident="response1" rcardinality="Single">
            <render_fib>
              <response_label ident="answer1" rshuffle="No"/>
            </render_fib>
          </response_str>
        </presentation>
        <resprocessing>
          <outcomes>
            <decvar maxvalue="100" minvalue="0" varname="SCORE" vartype="Decimal"/>
          </outcomes>
          <respcondition continue="No">
            <conditionvar>
              <varequal respident="response1">compuestos</varequal>
              <varequal respident="response1">Compuestos</varequal>
            </conditionvar>
            <setvar action="Set" varname="SCORE">100</setvar>
          </respcondition>
        </resprocessing>
      </item>
      <item ident="text2qti_question_0f2afd48cf177c8d803d764d9026bb2df947c1a391489b904732084373463722" title="Question">
        <itemmetadata>
          <qtimetadata>
            <qtimetadatafield>
              <fieldlabel>question_type</fieldlabel>
              <fieldentry>multiple_choice_question</fieldentry>
            </qtimetadatafield>
            <qtimetadatafield>
              <fieldlabel>points_possible</fieldlabel>
              <fieldentry>1</fieldentry>
            </qtimetadatafield>
            <qtimetadatafield>
              <fieldlabel>original_answer_ids</fieldlabel>
              <fieldentry>text2qti_choice_147e9c2d3c263656dd7f645e508e5a91e747d3b0fff69488691922ee5855ba65,text2qti_choice_875d2c43c5230d7b81471724c5ac6a72239403056b165cd4b69c2e246d424f8b,text2qti_choice_ec35d5f7e56f31eb9ac9050936bd68df789ec57950454fef35df23c23aa55b82,text2qti_choice_1f3d3438f904267f86b40ec080c6e6ec396b154519aeb38be38d735193b29a23</fieldentry>
            </qtimetadatafield>
            <qtimetadatafield>
              <fieldlabel>assessment_question_identifierref</fieldlabel>
              <fieldentry>text2qti_question_ref_0f2afd48cf177c8d803d764d9026bb2df947c1a391489b904732084373463722</fieldentry>
            </qtimetadatafield>
          </qtimetadata>
        </itemmetadata>
        <presentation>
          <material>
            <mattext texttype="text/html">&lt;p&gt;Selecciona la opción correcta. Los polímeros incluyen:&lt;/p&gt;</mattext>
          </material>
          <response_lid ident="response1" rcardinality="Single">
            <render_choice>
              <response_label ident="text2qti_choice_147e9c2d3c263656dd7f645e508e5a91e747d3b0fff69488691922ee5855ba65">
                <material>
                  <mattext texttype="text/html">&lt;p&gt;Vidrio y porcelana&lt;/p&gt;</mattext>
                </material>
              </response_label>
              <response_label ident="text2qti_choice_875d2c43c5230d7b81471724c5ac6a72239403056b165cd4b69c2e246d424f8b">
                <material>
                  <mattext texttype="text/html">&lt;p&gt;Plásticos y caucho&lt;/p&gt;</mattext>
                </material>
              </response_label>
              <response_label ident="text2qti_choice_ec35d5f7e56f31eb9ac9050936bd68df789ec57950454fef35df23c23aa55b82">
                <material>
                  <mattext texttype="text/html">&lt;p&gt;Fibras de carbono y vidrio&lt;/p&gt;</mattext>
                </material>
              </response_label>
              <response_label ident="text2qti_choice_1f3d3438f904267f86b40ec080c6e6ec396b154519aeb38be38d735193b29a23">
                <material>
                  <mattext texttype="text/html">&lt;p&gt;Metales y plásticos&lt;/p&gt;</mattext>
                </material>
              </response_label>
            </render_choice>
          </response_lid>
        </presentation>
        <resprocessing>
          <outcomes>
            <decvar maxvalue="100" minvalue="0" varname="SCORE" vartype="Decimal"/>
          </outcomes>
          <respcondition continue="No">
            <conditionvar>
              <varequal respident="response1">text2qti_choice_875d2c43c5230d7b81471724c5ac6a72239403056b165cd4b69c2e246d424f8b</varequal>
            </conditionvar>
            <setvar action="Set" varname="SCORE">100</setvar>
          </respcondition>
        </resprocessing>
      </item>
    </section>
    <section ident="text2qti_group_222c595a7a948853d4e259c4041287b0dd87511da1e9a68b45eba5a342d66539" title="Group">
      <selection_ordering>
        <selection>
          <selection_number>2</selection_number>
          <selection_extension>
            <points_per_item>1</points_per_item>
          </selection_extension>
        </selection>
      </selection_ordering>
      <item ident="text2qti_question_ddb04e203bd1a7542904ae39d398bfe33861e314a1387b5365773466abcbf355" title="Question">
        <itemmetadata>
          <qtimetadata>
            <qtimetadatafield>
              <fieldlabel>question_type</fieldlabel>
              <fieldentry>multiple_choice_question</fieldentry>
            </qtimetadatafield>
            <qtimetadatafield>
              <fieldlabel>points_possible</fieldlabel>
              <fieldentry>1</fieldentry>
            </qtimetadatafield>
            <qtimetadatafield>
              <fieldlabel>original_answer_ids</fieldlabel>
              <fieldentry>text2qti_choice_c5034deac6dcfebde6db2f66b86303f7a1a4964dd2f5931d939a7eb7efbd7688,text2qti_choice_debbe9004af20c203133e38550d85f43e8a6c9dedf5a219a20d70482dbf8847b,text2qti_choice_f19de8f3c784bd8ff467cf358962b0836382bb5065342156f6b25d846115be74,text2qti_choice_fc05d0b30c6aff53c5245a39c2fb3a0ff0133d746f7fd669edbf7f631249e139</fieldentry>
            </qtimetadatafield>
            <qtimetadatafield>
              <fieldlabel>assessment_question_identifierref</fieldlabel>
              <fieldentry>text2qti_question_ref_ddb04e203bd1a7542904ae39d398bfe33861e314a1387b5365773466abcbf355</fieldentry>
            </qtimetadatafield>
          </qtimetadata>
        </itemmetadata>
        <presentation>
          <material>
            <mattext texttype="text/html">&lt;p&gt;Selecciona la opción correcta. Una aleación es:&lt;/p&gt;</mattext>
          </material>
          <response_lid ident="response1" rcardinality="Single">
            <render_choice>
              <response_label ident="text2qti_choice_c5034deac6dcfebde6db2f66b86303f7a1a4964dd2f5931d939a7eb7efbd7688">
                <material>
                  <mattext texttype="text/html">&lt;p&gt;Un metal puro que no contiene impurezas&lt;/p&gt;</mattext>
                </material>
              </response_label>
              <response_label ident="text2qti_choice_debbe9004af20c203133e38550d85f43e8a6c9dedf5a219a20d70482dbf8847b">
                <material>
                  <mattext texttype="text/html">&lt;p&gt;Una mezcla de dos o más elementos donde al menos uno es metálico&lt;/p&gt;</mattext>
                </material>
              </response_label>
              <response_label ident="text2qti_choice_f19de8f3c784bd8ff467cf358962b0836382bb5065342156f6b25d846115be74">
                <material>
                  <mattext texttype="text/html">&lt;p&gt;Un cristal microscópico dentro de un material&lt;/p&gt;</mattext>
                </material>
              </response_label>
              <response_label ident="text2qti_choice_fc05d0b30c6aff53c5245a39c2fb3a0ff0133d746f7fd669edbf7f631249e139">
                <material>
                  <mattext texttype="text/html">&lt;p&gt;Un mezcla de vidrio y plástico&lt;/p&gt;</mattext>
                </material>
              </response_label>
            </render_choice>
          </response_lid>
        </presentation>
        <resprocessing>
          <outcomes>
            <decvar maxvalue="100" minvalue="0" varname="SCORE" vartype="Decimal"/>
          </outcomes>
          <respcondition continue="No">
            <conditionvar>
              <varequal respident="response1">text2qti_choice_debbe9004af20c203133e38550d85f43e8a6c9dedf5a219a20d70482dbf8847b</varequal>
            </conditionvar>
            <setvar action="Set" varname="SCORE">100</setvar>
          </respcondition>
        </resprocessing>
      </item>
      <item ident="text2qti_question_c48da0d29bb6459cc09f2d31b0959c87834d106fc6bcce063c7938894fb86460" title="Question">
        <itemmetadata>
          <qtimetadata>
            <qtimetadatafield>
              <fieldlabel>question_type</fieldlabel>
              <fieldentry>multiple_answers_question</fieldentry>
            </qtimetadatafield>
            <qtimetadatafield>
              <fieldlabel>points_possible</fieldlabel>
              <fieldentry>1</fieldentry>
            </qtimetadatafield>
            <qtimetadatafield>
              <fieldlabel>original_answer_ids</fieldlabel>
              <fieldentry>text2qti_choice_93845c46a0ef6204513ce8702b207fe70897b7e3941a3480f18dff60f1d7d6d5,text2qti_choice_8f891d797d645ba54a8a5d38decee543f0322a5294a46ff67aa0525c25b6e6d6,text2qti_choice_10cbb803ccafb5046b1316829d5907c221e95ff5a8224b8f415f418f3292996e,text2qti_choice_3894da9d8f47d545a9319e03eece2b32b845d36399190e4f6a605983e3de811f,text2qti_choice_b71bfe57f2e7a87f5baa92afecde779d805a8cdba16b4213cc62e246d416c62d,text2qti_choice_ee966f5ca2f49e6644ac00a988f038ab4910dea2eb4efb13fcf7814e39fc7b32</fieldentry>
            </qtimetadatafield>
            <qtimetadatafield>
              <fieldlabel>assessment_question_identifierref</fieldlabel>
              <fieldentry>text2qti_question_ref_c48da0d29bb6459cc09f2d31b0959c87834d106fc6bcce063c7938894fb86460</fieldentry>
            </qtimetadatafield>
          </qtimetadata>
        </itemmetadata>
        <presentation>
          <material>
            <mattext texttype="text/html">&lt;p&gt;Elige todas las opciones correctas. Ejemplos de aleaciones son:&lt;/p&gt;</mattext>
          </material>
          <response_lid ident="response1" rcardinality="Multiple">
            <render_choice>
              <response_label ident="text2qti_choice_93845c46a0ef6204513ce8702b207fe70897b7e3941a3480f18dff60f1d7d6d5">
                <material>
                  <mattext texttype="text/html">&lt;p&gt;Acero&lt;/p&gt;</mattext>
                </material>
              </response_label>
              <response_label ident="text2qti_choice_8f891d797d645ba54a8a5d38decee543f0322a5294a46ff67aa0525c25b6e6d6">
                <material>
                  <mattext texttype="text/html">&lt;p&gt;Bronce&lt;/p&gt;</mattext>
                </material>
              </response_label>
              <response_label ident="text2qti_choice_10cbb803ccafb5046b1316829d5907c221e95ff5a8224b8f415f418f3292996e">
                <material>
                  <mattext texttype="text/html">&lt;p&gt;Latón&lt;/p&gt;</mattext>
                </material>
              </response_label>
              <response_label ident="text2qti_choice_3894da9d8f47d545a9319e03eece2b32b845d36399190e4f6a605983e3de811f">
                <material>
                  <mattext texttype="text/html">&lt;p&gt;Aluminio&lt;/p&gt;</mattext>
                </material>
              </response_label>
              <response_label ident="text2qti_choice_b71bfe57f2e7a87f5baa92afecde779d805a8cdba16b4213cc62e246d416c62d">
                <material>
                  <mattext texttype="text/html">&lt;p&gt;Fibra de carbono&lt;/p&gt;</mattext>
                </material>
              </response_label>
              <response_label ident="text2qti_choice_ee966f5ca2f49e6644ac00a988f038ab4910dea2eb4efb13fcf7814e39fc7b32">
                <material>
                  <mattext texttype="text/html">&lt;p&gt;Cerámicos&lt;/p&gt;</mattext>
                </material>
              </response_label>
            </render_choice>
          </response_lid>
        </presentation>
        <resprocessing>
          <outcomes>
            <decvar maxvalue="100" minvalue="0" varname="SCORE" vartype="Decimal"/>
          </outcomes>
          <respcondition continue="No">
            <conditionvar>
              <and>
                <varequal respident="response1">text2qti_choice_93845c46a0ef6204513ce8702b207fe70897b7e3941a3480f18dff60f1d7d6d5</varequal>
                <varequal respident="response1">text2qti_choice_8f891d797d645ba54a8a5d38decee543f0322a5294a46ff67aa0525c25b6e6d6</varequal>
                <varequal respident="response1">text2qti_choice_10cbb803ccafb5046b1316829d5907c221e95ff5a8224b8f415f418f3292996e</varequal>
                <not>
                  <varequal respident="response1">text2qti_choice_3894da9d8f47d545a9319e03eece2b32b845d36399190e4f6a605983e3de811f</varequal>
                </not>
                <not>
                  <varequal respident="response1">text2qti_choice_b71bfe57f2e7a87f5baa92afecde779d805a8cdba16b4213cc62e246d416c62d</varequal>
                </not>
                <not>
                  <varequal respident="response1">text2qti_choice_ee966f5ca2f49e6644ac00a988f038ab4910dea2eb4efb13fcf7814e39fc7b32</varequal>
                </not>
              </and>
            </conditionvar>
            <setvar action="Set" varname="SCORE">100</setvar>
          </respcondition>
        </resprocessing>
      </item>
      <item ident="text2qti_question_6a5b4584bef082f08e356c2b48dc0317bab1bbc0cc616f503a426d3f924861a7" title="Question">
        <itemmetadata>
          <qtimetadata>
            <qtimetadatafield>
              <fieldlabel>question_type</fieldlabel>
              <fieldentry>short_answer_question</fieldentry>
            </qtimetadatafield>
            <qtimetadatafield>
              <fieldlabel>points_possible</fieldlabel>
              <fieldentry>1</fieldentry>
            </qtimetadatafield>
            <qtimetadatafield>
              <fieldlabel>original_answer_ids</fieldlabel>
              <fieldentry>text2qti_choice_cdf1aa144f5ec8d8f8d34152afe176d67bef81c16278f482c95fcfc0c94b2f63,text2qti_choice_dd5a1efbb7d10eea5664215111d03992599e6df09abf730e07360d06268451e7</fieldentry>
            </qtimetadatafield>
            <qtimetadatafield>
              <fieldlabel>assessment_question_identifierref</fieldlabel>
              <fieldentry>text2qti_question_ref_6a5b4584bef082f08e356c2b48dc0317bab1bbc0cc616f503a426d3f924861a7</fieldentry>
            </qtimetadatafield>
          </qtimetadata>
        </itemmetadata>
        <presentation>
          <material>
            <mattext texttype="text/html">&lt;p&gt;¿Qué elemento metálico es común en el bronce y en el latón? Responder una sola palabra en minúsculas y singular.&lt;/p&gt;</mattext>
          </material>
          <response_str ident="response1" rcardinality="Single">
            <render_fib>
              <response_label ident="answer1" rshuffle="No"/>
            </render_fib>
          </response_str>
        </presentation>
        <resprocessing>
          <outcomes>
            <decvar maxvalue="100" minvalue="0" varname="SCORE" vartype="Decimal"/>
          </outcomes>
          <respcondition continue="No">
            <conditionvar>
              <varequal respident="response1">cobre</varequal>
              <varequal respident="response1">Cobre</varequal>
            </conditionvar>
            <setvar action="Set" varname="SCORE">100</setvar>
          </respcondition>
        </resprocessing>
      </item>
      <item ident="text2qti_question_395ced73bb995e2ad87292aacf4c65b326997a3d8ccaeb64ac133b54adedb5f1" title="Question">
        <itemmetadata>
          <qtimetadata>
            <qtimetadatafield>
              <fieldlabel>question_type</fieldlabel>
              <fieldentry>multiple_choice_question</fieldentry>
            </qtimetadatafield>
            <qtimetadatafield>
              <fieldlabel>points_possible</fieldlabel>
              <fieldentry>1</fieldentry>
            </qtimetadatafield>
            <qtimetadatafield>
              <fieldlabel>original_answer_ids</fieldlabel>
              <fieldentry>text2qti_choice_ed4a521713937f51bda7eb75c21022382fbde1d5313cd825f545c9a12d1bd0b6,text2qti_choice_95043dfc16f277b3e46b78560f7335c83d0eab2364998a4f662bb0a11967a277,text2qti_choice_3cddd274d3fa3125e532bc33971e72eae974a44c7dc16ecc383a5829b8498800,text2qti_choice_b795620fe0e754a20bc12adafcae39d32a62c595a8d553151771106d50842aa5</fieldentry>
            </qtimetadatafield>
            <qtimetadatafield>
              <fieldlabel>assessment_question_identifierref</fieldlabel>
              <fieldentry>text2qti_question_ref_395ced73bb995e2ad87292aacf4c65b326997a3d8ccaeb64ac133b54adedb5f1</fieldentry>
            </qtimetadatafield>
          </qtimetadata>
        </itemmetadata>
        <presentation>
          <material>
            <mattext texttype="text/html">&lt;p&gt;¿Qué tipo de material es el acero?&lt;/p&gt;</mattext>
          </material>
          <response_lid ident="response1" rcardinality="Single">
            <render_choice>
              <response_label ident="text2qti_choice_ed4a521713937f51bda7eb75c21022382fbde1d5313cd825f545c9a12d1bd0b6">
                <material>
                  <mattext texttype="text/html">&lt;p&gt;Una aleación de hierro y carbono&lt;/p&gt;</mattext>
                </material>
              </response_label>
              <response_label ident="text2qti_choice_95043dfc16f277b3e46b78560f7335c83d0eab2364998a4f662bb0a11967a277">
                <material>
                  <mattext texttype="text/html">&lt;p&gt;Un metal no ferroso&lt;/p&gt;</mattext>
                </material>
              </response_label>
              <response_label ident="text2qti_choice_3cddd274d3fa3125e532bc33971e72eae974a44c7dc16ecc383a5829b8498800">
                <material>
                  <mattext texttype="text/html">&lt;p&gt;Un polímero termoplástico&lt;/p&gt;</mattext>
                </material>
              </response_label>
              <response_label ident="text2qti_choice_b795620fe0e754a20bc12adafcae39d32a62c595a8d553151771106d50842aa5">
                <material>
                  <mattext texttype="text/html">&lt;p&gt;Una fibra compuesta con hierro y plástico&lt;/p&gt;</mattext>
                </material>
              </response_label>
            </render_choice>
          </response_lid>
        </presentation>
        <resprocessing>
          <outcomes>
            <decvar maxvalue="100" minvalue="0" varname="SCORE" vartype="Decimal"/>
          </outcomes>
          <respcondition continue="No">
            <conditionvar>
              <varequal respident="response1">text2qti_choice_ed4a521713937f51bda7eb75c21022382fbde1d5313cd825f545c9a12d1bd0b6</varequal>
            </conditionvar>
            <setvar action="Set" varname="SCORE">100</setvar>
          </respcondition>
        </resprocessing>
      </item>
      <item ident="text2qti_question_4a94fd76c83f96e3af402c57df75050f626919c9afcf1bdc5bd0a2e8085dd72b" title="Question">
        <itemmetadata>
          <qtimetadata>
            <qtimetadatafield>
              <fieldlabel>question_type</fieldlabel>
              <fieldentry>multiple_choice_question</fieldentry>
            </qtimetadatafield>
            <qtimetadatafield>
              <fieldlabel>points_possible</fieldlabel>
              <fieldentry>1</fieldentry>
            </qtimetadatafield>
            <qtimetadatafield>
              <fieldlabel>original_answer_ids</fieldlabel>
              <fieldentry>text2qti_choice_44b4e02c4d5d87e788fde07c7c7baad3b9a28f650b418aad8a8c4460f27a85ca,text2qti_choice_2641f7093296d418a7e90940ab612ab176426b04e9047c1e8627d1b879ea3dac,text2qti_choice_5f321c63fdb9afd1ca645a42c8eabdd44c5fcc6ba4b6535c0af7dc217b9da89d,text2qti_choice_98dbc3932f51de7e01b48927dcb7f6cfdbd9c14b2bfe5cd7bdf6158e78b1c963</fieldentry>
            </qtimetadatafield>
            <qtimetadatafield>
              <fieldlabel>assessment_question_identifierref</fieldlabel>
              <fieldentry>text2qti_question_ref_4a94fd76c83f96e3af402c57df75050f626919c9afcf1bdc5bd0a2e8085dd72b</fieldentry>
            </qtimetadatafield>
          </qtimetadata>
        </itemmetadata>
        <presentation>
          <material>
            <mattext texttype="text/html">&lt;p&gt;Selecciona la opción correcta. La Bancada de un torno y de otras máquinas es de:&lt;/p&gt;</mattext>
          </material>
          <response_lid ident="response1" rcardinality="Single">
            <render_choice>
              <response_label ident="text2qti_choice_44b4e02c4d5d87e788fde07c7c7baad3b9a28f650b418aad8a8c4460f27a85ca">
                <material>
                  <mattext texttype="text/html">&lt;p&gt;Fundición&lt;/p&gt;</mattext>
                </material>
              </response_label>
              <response_label ident="text2qti_choice_2641f7093296d418a7e90940ab612ab176426b04e9047c1e8627d1b879ea3dac">
                <material>
                  <mattext texttype="text/html">&lt;p&gt;Acero&lt;/p&gt;</mattext>
                </material>
              </response_label>
              <response_label ident="text2qti_choice_5f321c63fdb9afd1ca645a42c8eabdd44c5fcc6ba4b6535c0af7dc217b9da89d">
                <material>
                  <mattext texttype="text/html">&lt;p&gt;Hierro&lt;/p&gt;</mattext>
                </material>
              </response_label>
              <response_label ident="text2qti_choice_98dbc3932f51de7e01b48927dcb7f6cfdbd9c14b2bfe5cd7bdf6158e78b1c963">
                <material>
                  <mattext texttype="text/html">&lt;p&gt;Titanio&lt;/p&gt;</mattext>
                </material>
              </response_label>
            </render_choice>
          </response_lid>
        </presentation>
        <resprocessing>
          <outcomes>
            <decvar maxvalue="100" minvalue="0" varname="SCORE" vartype="Decimal"/>
          </outcomes>
          <respcondition continue="No">
            <conditionvar>
              <varequal respident="response1">text2qti_choice_44b4e02c4d5d87e788fde07c7c7baad3b9a28f650b418aad8a8c4460f27a85ca</varequal>
            </conditionvar>
            <setvar action="Set" varname="SCORE">100</setvar>
          </respcondition>
        </resprocessing>
      </item>
    </section>
    <section ident="text2qti_group_3d105a6f764a72196fc5f0c0d6dd37f79b1b70de284aaf82c09384c8d235de47" title="Group">
      <selection_ordering>
        <selection>
          <selection_number>1</selection_number>
          <selection_extension>
            <points_per_item>1</points_per_item>
          </selection_extension>
        </selection>
      </selection_ordering>
      <item ident="text2qti_question_59067d38b1874a1892d8e224227cb8404c27223262d1e8f2d795b2fee11b5337" title="Question">
        <itemmetadata>
          <qtimetadata>
            <qtimetadatafield>
              <fieldlabel>question_type</fieldlabel>
              <fieldentry>multiple_choice_question</fieldentry>
            </qtimetadatafield>
            <qtimetadatafield>
              <fieldlabel>points_possible</fieldlabel>
              <fieldentry>1</fieldentry>
            </qtimetadatafield>
            <qtimetadatafield>
              <fieldlabel>original_answer_ids</fieldlabel>
              <fieldentry>text2qti_choice_163da47c5a322863333b238eeec694cf6976343ef8ace1db13100cc198fea23f,text2qti_choice_ea77e453c0a75c6ddbde2a5f9da615b22245831d5266a42709f50af218c1d3f8,text2qti_choice_4a4acbff846d8f579eb6d8806aedba37a51b655d4b390bfeec427c60788742fd,text2qti_choice_c6621d7a2acfe323327f07c969dffe3c19eb0d497816d6f1f6224b5ebcc12f4f</fieldentry>
            </qtimetadatafield>
            <qtimetadatafield>
              <fieldlabel>assessment_question_identifierref</fieldlabel>
              <fieldentry>text2qti_question_ref_59067d38b1874a1892d8e224227cb8404c27223262d1e8f2d795b2fee11b5337</fieldentry>
            </qtimetadatafield>
          </qtimetadata>
        </itemmetadata>
        <presentation>
          <material>
            <mattext texttype="text/html">&lt;p&gt;Selecciona la opción correcta. ¿Cuál de los siguientes es un metal ferroso?&lt;/p&gt;</mattext>
          </material>
          <response_lid ident="response1" rcardinality="Single">
            <render_choice>
              <response_label ident="text2qti_choice_163da47c5a322863333b238eeec694cf6976343ef8ace1db13100cc198fea23f">
                <material>
                  <mattext texttype="text/html">&lt;p&gt;Aluminio&lt;/p&gt;</mattext>
                </material>
              </response_label>
              <response_label ident="text2qti_choice_ea77e453c0a75c6ddbde2a5f9da615b22245831d5266a42709f50af218c1d3f8">
                <material>
                  <mattext texttype="text/html">&lt;p&gt;Cobre&lt;/p&gt;</mattext>
                </material>
              </response_label>
              <response_label ident="text2qti_choice_4a4acbff846d8f579eb6d8806aedba37a51b655d4b390bfeec427c60788742fd">
                <material>
                  <mattext texttype="text/html">&lt;p&gt;Hierro&lt;/p&gt;</mattext>
                </material>
              </response_label>
              <response_label ident="text2qti_choice_c6621d7a2acfe323327f07c969dffe3c19eb0d497816d6f1f6224b5ebcc12f4f">
                <material>
                  <mattext texttype="text/html">&lt;p&gt;Estaño&lt;/p&gt;</mattext>
                </material>
              </response_label>
            </render_choice>
          </response_lid>
        </presentation>
        <resprocessing>
          <outcomes>
            <decvar maxvalue="100" minvalue="0" varname="SCORE" vartype="Decimal"/>
          </outcomes>
          <respcondition continue="No">
            <conditionvar>
              <varequal respident="response1">text2qti_choice_4a4acbff846d8f579eb6d8806aedba37a51b655d4b390bfeec427c60788742fd</varequal>
            </conditionvar>
            <setvar action="Set" varname="SCORE">100</setvar>
          </respcondition>
        </resprocessing>
      </item>
      <item ident="text2qti_question_bb89316d91dc36d4da706898340dbc81ff5f665a80684d1b2ccd13449e3e9ce6" title="Question">
        <itemmetadata>
          <qtimetadata>
            <qtimetadatafield>
              <fieldlabel>question_type</fieldlabel>
              <fieldentry>multiple_answers_question</fieldentry>
            </qtimetadatafield>
            <qtimetadatafield>
              <fieldlabel>points_possible</fieldlabel>
              <fieldentry>1</fieldentry>
            </qtimetadatafield>
            <qtimetadatafield>
              <fieldlabel>original_answer_ids</fieldlabel>
              <fieldentry>text2qti_choice_06cf4b25d7d3fc13ba7656a4afdff5faab4b606ac12741d8c70e14fbf023d04b,text2qti_choice_02f34c57d13b25e7e36d6356d242fa8da7abb77c0091ff3a054e07209f190144,text2qti_choice_d2ad36ba5c85831ed3c7e9506c137d9e79b2100d509aacc3d66a00c5d38f82ba,text2qti_choice_e3c71088be621bce2c5d1751f728fcbe78b700a46b2c3b804185486ca826ef9b</fieldentry>
            </qtimetadatafield>
            <qtimetadatafield>
              <fieldlabel>assessment_question_identifierref</fieldlabel>
              <fieldentry>text2qti_question_ref_bb89316d91dc36d4da706898340dbc81ff5f665a80684d1b2ccd13449e3e9ce6</fieldentry>
            </qtimetadatafield>
          </qtimetadata>
        </itemmetadata>
        <presentation>
          <material>
            <mattext texttype="text/html">&lt;p&gt;Elige todas las opciones correctas. Propiedades de los metales no ferrosos:&lt;/p&gt;</mattext>
          </material>
          <response_lid ident="response1" rcardinality="Multiple">
            <render_choice>
              <response_label ident="text2qti_choice_06cf4b25d7d3fc13ba7656a4afdff5faab4b606ac12741d8c70e14fbf023d04b">
                <material>
                  <mattext texttype="text/html">&lt;p&gt;Son ligeros&lt;/p&gt;</mattext>
                </material>
              </response_label>
              <response_label ident="text2qti_choice_02f34c57d13b25e7e36d6356d242fa8da7abb77c0091ff3a054e07209f190144">
                <material>
                  <mattext texttype="text/html">&lt;p&gt;Resisten la corrosión&lt;/p&gt;</mattext>
                </material>
              </response_label>
              <response_label ident="text2qti_choice_d2ad36ba5c85831ed3c7e9506c137d9e79b2100d509aacc3d66a00c5d38f82ba">
                <material>
                  <mattext texttype="text/html">&lt;p&gt;Son pesados&lt;/p&gt;</mattext>
                </material>
              </response_label>
              <response_label ident="text2qti_choice_e3c71088be621bce2c5d1751f728fcbe78b700a46b2c3b804185486ca826ef9b">
                <material>
                  <mattext texttype="text/html">&lt;p&gt;Se oxidan fácilmente&lt;/p&gt;</mattext>
                </material>
              </response_label>
            </render_choice>
          </response_lid>
        </presentation>
        <resprocessing>
          <outcomes>
            <decvar maxvalue="100" minvalue="0" varname="SCORE" vartype="Decimal"/>
          </outcomes>
          <respcondition continue="No">
            <conditionvar>
              <and>
                <varequal respident="response1">text2qti_choice_06cf4b25d7d3fc13ba7656a4afdff5faab4b606ac12741d8c70e14fbf023d04b</varequal>
                <varequal respident="response1">text2qti_choice_02f34c57d13b25e7e36d6356d242fa8da7abb77c0091ff3a054e07209f190144</varequal>
                <not>
                  <varequal respident="response1">text2qti_choice_d2ad36ba5c85831ed3c7e9506c137d9e79b2100d509aacc3d66a00c5d38f82ba</varequal>
                </not>
                <not>
                  <varequal respident="response1">text2qti_choice_e3c71088be621bce2c5d1751f728fcbe78b700a46b2c3b804185486ca826ef9b</varequal>
                </not>
              </and>
            </conditionvar>
            <setvar action="Set" varname="SCORE">100</setvar>
          </respcondition>
        </resprocessing>
      </item>
      <item ident="text2qti_question_fb2e85f06c4f7139dc91f88952af43ca634d63d2a4020819485fd5a0cdc8ac7a" title="Question">
        <itemmetadata>
          <qtimetadata>
            <qtimetadatafield>
              <fieldlabel>question_type</fieldlabel>
              <fieldentry>multiple_choice_question</fieldentry>
            </qtimetadatafield>
            <qtimetadatafield>
              <fieldlabel>points_possible</fieldlabel>
              <fieldentry>1</fieldentry>
            </qtimetadatafield>
            <qtimetadatafield>
              <fieldlabel>original_answer_ids</fieldlabel>
              <fieldentry>text2qti_choice_0bfa0de4fb873d86d0912b148e61438ff1dabb639e72cd673412184646d45adb,text2qti_choice_1872a6099a19c01d177aa00e8edab80f3e235860dd8cd5eda8eb5ae6a09a4e37,text2qti_choice_d28b28553c1936d2ccf7385e3928b0e708bec9c42a3075e8c9bbee996ff91ba1</fieldentry>
            </qtimetadatafield>
            <qtimetadatafield>
              <fieldlabel>assessment_question_identifierref</fieldlabel>
              <fieldentry>text2qti_question_ref_fb2e85f06c4f7139dc91f88952af43ca634d63d2a4020819485fd5a0cdc8ac7a</fieldentry>
            </qtimetadatafield>
          </qtimetadata>
        </itemmetadata>
        <presentation>
          <material>
            <mattext texttype="text/html">&lt;p&gt;Selecciona la opción correcta. Una desventaja de los metales ferrosos es que:&lt;/p&gt;</mattext>
          </material>
          <response_lid ident="response1" rcardinality="Single">
            <render_choice>
              <response_label ident="text2qti_choice_0bfa0de4fb873d86d0912b148e61438ff1dabb639e72cd673412184646d45adb">
                <material>
                  <mattext texttype="text/html">&lt;p&gt;Son muy costosos&lt;/p&gt;</mattext>
                </material>
              </response_label>
              <response_label ident="text2qti_choice_1872a6099a19c01d177aa00e8edab80f3e235860dd8cd5eda8eb5ae6a09a4e37">
                <material>
                  <mattext texttype="text/html">&lt;p&gt;Son muy ligeros&lt;/p&gt;</mattext>
                </material>
              </response_label>
              <response_label ident="text2qti_choice_d28b28553c1936d2ccf7385e3928b0e708bec9c42a3075e8c9bbee996ff91ba1">
                <material>
                  <mattext texttype="text/html">&lt;p&gt;Se oxidan fácilmente&lt;/p&gt;</mattext>
                </material>
              </response_label>
            </render_choice>
          </response_lid>
        </presentation>
        <resprocessing>
          <outcomes>
            <decvar maxvalue="100" minvalue="0" varname="SCORE" vartype="Decimal"/>
          </outcomes>
          <respcondition continue="No">
            <conditionvar>
              <varequal respident="response1">text2qti_choice_d28b28553c1936d2ccf7385e3928b0e708bec9c42a3075e8c9bbee996ff91ba1</varequal>
            </conditionvar>
            <setvar action="Set" varname="SCORE">100</setvar>
          </respcondition>
        </resprocessing>
      </item>
    </section>
    <section ident="text2qti_group_34da6e4f7c93e002970ff4b5fa679cd41b283d766fca5ece34d4e56dd06ee2b8" title="Group">
      <selection_ordering>
        <selection>
          <selection_number>1</selection_number>
          <selection_extension>
            <points_per_item>1</points_per_item>
          </selection_extension>
        </selection>
      </selection_ordering>
      <item ident="text2qti_question_523d81fb9d56dbb7dfd24357473f0e9bcf23fa708d63e6d37dbc8dcd39bef9b9" title="Question">
        <itemmetadata>
          <qtimetadata>
            <qtimetadatafield>
              <fieldlabel>question_type</fieldlabel>
              <fieldentry>multiple_choice_question</fieldentry>
            </qtimetadatafield>
            <qtimetadatafield>
              <fieldlabel>points_possible</fieldlabel>
              <fieldentry>1</fieldentry>
            </qtimetadatafield>
            <qtimetadatafield>
              <fieldlabel>original_answer_ids</fieldlabel>
              <fieldentry>text2qti_choice_4acc04b390d6516c8ea168a5dc7054d10fdaf4fe607201558678d93cec66e2e2,text2qti_choice_391499d3526986d0e85e35ab8af558c5a8cfedb59d2e2ba0b72b0659e904c090,text2qti_choice_3bbe24731be8c95f17aaf2db15291353480754633afea725596196a4c4936a12,text2qti_choice_3552beefb47c89519e6c2edd53d6cc63a91615e4bb9e45ec74dec35a67637cff</fieldentry>
            </qtimetadatafield>
            <qtimetadatafield>
              <fieldlabel>assessment_question_identifierref</fieldlabel>
              <fieldentry>text2qti_question_ref_523d81fb9d56dbb7dfd24357473f0e9bcf23fa708d63e6d37dbc8dcd39bef9b9</fieldentry>
            </qtimetadatafield>
          </qtimetadata>
        </itemmetadata>
        <presentation>
          <material>
            <mattext texttype="text/html">&lt;p&gt;Selecciona la opción correcta. Los granos en un metal son:&lt;/p&gt;</mattext>
          </material>
          <response_lid ident="response1" rcardinality="Single">
            <render_choice>
              <response_label ident="text2qti_choice_4acc04b390d6516c8ea168a5dc7054d10fdaf4fe607201558678d93cec66e2e2">
                <material>
                  <mattext texttype="text/html">&lt;p&gt;Regiones donde los átomos tienen la misma orientación cristalina&lt;/p&gt;</mattext>
                </material>
              </response_label>
              <response_label ident="text2qti_choice_391499d3526986d0e85e35ab8af558c5a8cfedb59d2e2ba0b72b0659e904c090">
                <material>
                  <mattext texttype="text/html">&lt;p&gt;Fracturas microscópicas en la superficie&lt;/p&gt;</mattext>
                </material>
              </response_label>
              <response_label ident="text2qti_choice_3bbe24731be8c95f17aaf2db15291353480754633afea725596196a4c4936a12">
                <material>
                  <mattext texttype="text/html">&lt;p&gt;Inclusiones de otros metales&lt;/p&gt;</mattext>
                </material>
              </response_label>
              <response_label ident="text2qti_choice_3552beefb47c89519e6c2edd53d6cc63a91615e4bb9e45ec74dec35a67637cff">
                <material>
                  <mattext texttype="text/html">&lt;p&gt;Impuresas&lt;/p&gt;</mattext>
                </material>
              </response_label>
            </render_choice>
          </response_lid>
        </presentation>
        <resprocessing>
          <outcomes>
            <decvar maxvalue="100" minvalue="0" varname="SCORE" vartype="Decimal"/>
          </outcomes>
          <respcondition continue="No">
            <conditionvar>
              <varequal respident="response1">text2qti_choice_4acc04b390d6516c8ea168a5dc7054d10fdaf4fe607201558678d93cec66e2e2</varequal>
            </conditionvar>
            <setvar action="Set" varname="SCORE">100</setvar>
          </respcondition>
        </resprocessing>
      </item>
      <item ident="text2qti_question_617bed57632c71d10d9990bccec046b61455276b824dd9a448d77f592994be3d" title="Question">
        <itemmetadata>
          <qtimetadata>
            <qtimetadatafield>
              <fieldlabel>question_type</fieldlabel>
              <fieldentry>multiple_choice_question</fieldentry>
            </qtimetadatafield>
            <qtimetadatafield>
              <fieldlabel>points_possible</fieldlabel>
              <fieldentry>1</fieldentry>
            </qtimetadatafield>
            <qtimetadatafield>
              <fieldlabel>original_answer_ids</fieldlabel>
              <fieldentry>text2qti_choice_da4dad6fd11ed8d2f985ca9cb1bf0ac3a48d2eb1bd281b69708622fc0724e5a7,text2qti_choice_41453f1158d1d5247878b8dd76c1cd20d876b279ef67a40c66f87c5fe08e7e0b,text2qti_choice_be8d744d394b09c8b5fd10b2cc74d761fcac29b484576b03e1c23c5956a3227c,text2qti_choice_c122179ca781426d3ac78f36ef08c5b85673b40dd4669d3303aec23cfc4b1d5e</fieldentry>
            </qtimetadatafield>
            <qtimetadatafield>
              <fieldlabel>assessment_question_identifierref</fieldlabel>
              <fieldentry>text2qti_question_ref_617bed57632c71d10d9990bccec046b61455276b824dd9a448d77f592994be3d</fieldentry>
            </qtimetadatafield>
          </qtimetadata>
        </itemmetadata>
        <presentation>
          <material>
            <mattext texttype="text/html">&lt;p&gt;Elige una opción que puede modificar el tamaño de grano:&lt;/p&gt;</mattext>
          </material>
          <response_lid ident="response1" rcardinality="Single">
            <render_choice>
              <response_label ident="text2qti_choice_da4dad6fd11ed8d2f985ca9cb1bf0ac3a48d2eb1bd281b69708622fc0724e5a7">
                <material>
                  <mattext texttype="text/html">&lt;p&gt;Torneado&lt;/p&gt;</mattext>
                </material>
              </response_label>
              <response_label ident="text2qti_choice_41453f1158d1d5247878b8dd76c1cd20d876b279ef67a40c66f87c5fe08e7e0b">
                <material>
                  <mattext texttype="text/html">&lt;p&gt;Templado&lt;/p&gt;</mattext>
                </material>
              </response_label>
              <response_label ident="text2qti_choice_be8d744d394b09c8b5fd10b2cc74d761fcac29b484576b03e1c23c5956a3227c">
                <material>
                  <mattext texttype="text/html">&lt;p&gt;Limado&lt;/p&gt;</mattext>
                </material>
              </response_label>
              <response_label ident="text2qti_choice_c122179ca781426d3ac78f36ef08c5b85673b40dd4669d3303aec23cfc4b1d5e">
                <material>
                  <mattext texttype="text/html">&lt;p&gt;Soldadura&lt;/p&gt;</mattext>
                </material>
              </response_label>
            </render_choice>
          </response_lid>
        </presentation>
        <resprocessing>
          <outcomes>
            <decvar maxvalue="100" minvalue="0" varname="SCORE" vartype="Decimal"/>
          </outcomes>
          <respcondition continue="No">
            <conditionvar>
              <varequal respident="response1">text2qti_choice_41453f1158d1d5247878b8dd76c1cd20d876b279ef67a40c66f87c5fe08e7e0b</varequal>
            </conditionvar>
            <setvar action="Set" varname="SCORE">100</setvar>
          </respcondition>
        </resprocessing>
      </item>
      <item ident="text2qti_question_1c5b3c7b95c91f892d4fc51bd647bca8e44c90c3d9580cf21bc7027edca4b6c6" title="Question">
        <itemmetadata>
          <qtimetadata>
            <qtimetadatafield>
              <fieldlabel>question_type</fieldlabel>
              <fieldentry>short_answer_question</fieldentry>
            </qtimetadatafield>
            <qtimetadatafield>
              <fieldlabel>points_possible</fieldlabel>
              <fieldentry>1</fieldentry>
            </qtimetadatafield>
            <qtimetadatafield>
              <fieldlabel>original_answer_ids</fieldlabel>
              <fieldentry>text2qti_choice_2811064fe9a89f977e0660fc7b95604562b6dda5ed2875a319c0c150bfaa569b,text2qti_choice_19815e500b102a1d08328e0291c1bbb2f99b267a52ecf211b05539a03cb12c5c</fieldentry>
            </qtimetadatafield>
            <qtimetadatafield>
              <fieldlabel>assessment_question_identifierref</fieldlabel>
              <fieldentry>text2qti_question_ref_1c5b3c7b95c91f892d4fc51bd647bca8e44c90c3d9580cf21bc7027edca4b6c6</fieldentry>
            </qtimetadatafield>
          </qtimetadata>
        </itemmetadata>
        <presentation>
          <material>
            <mattext texttype="text/html">&lt;p&gt;¿Qué tipo de grano proporciona mayor dureza y resistencia mecánica? Responder con una sola palabra en minúscula.&lt;/p&gt;</mattext>
          </material>
          <response_str ident="response1" rcardinality="Single">
            <render_fib>
              <response_label ident="answer1" rshuffle="No"/>
            </render_fib>
          </response_str>
        </presentation>
        <resprocessing>
          <outcomes>
            <decvar maxvalue="100" minvalue="0" varname="SCORE" vartype="Decimal"/>
          </outcomes>
          <respcondition continue="No">
            <conditionvar>
              <varequal respident="response1">fino</varequal>
              <varequal respident="response1">Fino</varequal>
            </conditionvar>
            <setvar action="Set" varname="SCORE">100</setvar>
          </respcondition>
        </resprocessing>
      </item>
      <item ident="text2qti_question_ea96dd3dafde51834eb8ec6211958db638242d40735578e0ae48e8738a45f847" title="Question">
        <itemmetadata>
          <qtimetadata>
            <qtimetadatafield>
              <fieldlabel>question_type</fieldlabel>
              <fieldentry>multiple_choice_question</fieldentry>
            </qtimetadatafield>
            <qtimetadatafield>
              <fieldlabel>points_possible</fieldlabel>
              <fieldentry>1</fieldentry>
            </qtimetadatafield>
            <qtimetadatafield>
              <fieldlabel>original_answer_ids</fieldlabel>
              <fieldentry>text2qti_choice_21906e66bff8c135eef8f6d064dcaa6f8550517a755aaf8279faa1a3b96b8470,text2qti_choice_0d16a0ac9eb406b03d2d01c5be645f0e263446ad847e5ab7ffb59c5607516f3a,text2qti_choice_555bcc50f88bf315a4ba3f81365b650297aa010feb4fcab34c46a04a1b2b4b50,text2qti_choice_49418b8232d9bea57e00e908376182696c092416e033dd18a76661dcafd79829</fieldentry>
            </qtimetadatafield>
            <qtimetadatafield>
              <fieldlabel>assessment_question_identifierref</fieldlabel>
              <fieldentry>text2qti_question_ref_ea96dd3dafde51834eb8ec6211958db638242d40735578e0ae48e8738a45f847</fieldentry>
            </qtimetadatafield>
          </qtimetadata>
        </itemmetadata>
        <presentation>
          <material>
            <mattext texttype="text/html">&lt;p&gt;Selecciona la opción correcta. El proceso de laminado:&lt;/p&gt;</mattext>
          </material>
          <response_lid ident="response1" rcardinality="Single">
            <render_choice>
              <response_label ident="text2qti_choice_21906e66bff8c135eef8f6d064dcaa6f8550517a755aaf8279faa1a3b96b8470">
                <material>
                  <mattext texttype="text/html">&lt;p&gt;Produce granos más gruesos y frágiles&lt;/p&gt;</mattext>
                </material>
              </response_label>
              <response_label ident="text2qti_choice_0d16a0ac9eb406b03d2d01c5be645f0e263446ad847e5ab7ffb59c5607516f3a">
                <material>
                  <mattext texttype="text/html">&lt;p&gt;Alarga los granos y aumenta la resistencia&lt;/p&gt;</mattext>
                </material>
              </response_label>
              <response_label ident="text2qti_choice_555bcc50f88bf315a4ba3f81365b650297aa010feb4fcab34c46a04a1b2b4b50">
                <material>
                  <mattext texttype="text/html">&lt;p&gt;Disuelve la estructura cristalina&lt;/p&gt;</mattext>
                </material>
              </response_label>
              <response_label ident="text2qti_choice_49418b8232d9bea57e00e908376182696c092416e033dd18a76661dcafd79829">
                <material>
                  <mattext texttype="text/html">&lt;p&gt;Elimina los granos&lt;/p&gt;</mattext>
                </material>
              </response_label>
            </render_choice>
          </response_lid>
        </presentation>
        <resprocessing>
          <outcomes>
            <decvar maxvalue="100" minvalue="0" varname="SCORE" vartype="Decimal"/>
          </outcomes>
          <respcondition continue="No">
            <conditionvar>
              <varequal respident="response1">text2qti_choice_0d16a0ac9eb406b03d2d01c5be645f0e263446ad847e5ab7ffb59c5607516f3a</varequal>
            </conditionvar>
            <setvar action="Set" varname="SCORE">100</setvar>
          </respcondition>
        </resprocessing>
      </item>
    </section>
    <section ident="text2qti_group_a816c6e70a0d55e205ed850c27c4eee81e1f7f1ae1da25db1fd3532be2bf01de" title="Group">
      <selection_ordering>
        <selection>
          <selection_number>1</selection_number>
          <selection_extension>
            <points_per_item>1</points_per_item>
          </selection_extension>
        </selection>
      </selection_ordering>
      <item ident="text2qti_question_f44e9eba35dc3514183003ac2f0dd7baaf95010ea8d9eff901c8fc13debba44c" title="Question">
        <itemmetadata>
          <qtimetadata>
            <qtimetadatafield>
              <fieldlabel>question_type</fieldlabel>
              <fieldentry>multiple_choice_question</fieldentry>
            </qtimetadatafield>
            <qtimetadatafield>
              <fieldlabel>points_possible</fieldlabel>
              <fieldentry>1</fieldentry>
            </qtimetadatafield>
            <qtimetadatafield>
              <fieldlabel>original_answer_ids</fieldlabel>
              <fieldentry>text2qti_choice_64765f9f7e751de39812d8647fbaef8ad4fcfde2e5baba0e85b7dcd33e8a01a1,text2qti_choice_75743fd279c573be3baadc5a3aab9e861e1f1ad02d48786671b4ef8018a2a1c2,text2qti_choice_99f4a5dc816c9ad855de452005122b12d398ffd675d31728ca6c9350eb065fff</fieldentry>
            </qtimetadatafield>
            <qtimetadatafield>
              <fieldlabel>assessment_question_identifierref</fieldlabel>
              <fieldentry>text2qti_question_ref_f44e9eba35dc3514183003ac2f0dd7baaf95010ea8d9eff901c8fc13debba44c</fieldentry>
            </qtimetadatafield>
          </qtimetadata>
        </itemmetadata>
        <presentation>
          <material>
            <mattext texttype="text/html">&lt;p&gt;Choose the correct option. Alloys are used because they:&lt;/p&gt;</mattext>
          </material>
          <response_lid ident="response1" rcardinality="Single">
            <render_choice>
              <response_label ident="text2qti_choice_64765f9f7e751de39812d8647fbaef8ad4fcfde2e5baba0e85b7dcd33e8a01a1">
                <material>
                  <mattext texttype="text/html">&lt;p&gt;Are always lighter than pure metals&lt;/p&gt;</mattext>
                </material>
              </response_label>
              <response_label ident="text2qti_choice_75743fd279c573be3baadc5a3aab9e861e1f1ad02d48786671b4ef8018a2a1c2">
                <material>
                  <mattext texttype="text/html">&lt;p&gt;Provide better properties like strength or corrosion resistance&lt;/p&gt;</mattext>
                </material>
              </response_label>
              <response_label ident="text2qti_choice_99f4a5dc816c9ad855de452005122b12d398ffd675d31728ca6c9350eb065fff">
                <material>
                  <mattext texttype="text/html">&lt;p&gt;Are cheaper than pure metals&lt;/p&gt;</mattext>
                </material>
              </response_label>
            </render_choice>
          </response_lid>
        </presentation>
        <resprocessing>
          <outcomes>
            <decvar maxvalue="100" minvalue="0" varname="SCORE" vartype="Decimal"/>
          </outcomes>
          <respcondition continue="No">
            <conditionvar>
              <varequal respident="response1">text2qti_choice_75743fd279c573be3baadc5a3aab9e861e1f1ad02d48786671b4ef8018a2a1c2</varequal>
            </conditionvar>
            <setvar action="Set" varname="SCORE">100</setvar>
          </respcondition>
        </resprocessing>
      </item>
      <item ident="text2qti_question_590569522a9ffb82260297b8d4a8654514a4f752caee768f2a7a7ae39db593bb" title="Question">
        <itemmetadata>
          <qtimetadata>
            <qtimetadatafield>
              <fieldlabel>question_type</fieldlabel>
              <fieldentry>multiple_choice_question</fieldentry>
            </qtimetadatafield>
            <qtimetadatafield>
              <fieldlabel>points_possible</fieldlabel>
              <fieldentry>1</fieldentry>
            </qtimetadatafield>
            <qtimetadatafield>
              <fieldlabel>original_answer_ids</fieldlabel>
              <fieldentry>text2qti_choice_849241459657eec189d237471bc1e4d14796fec4acc6f65b3a12eb595ad673c6,text2qti_choice_34e0e369a9cfe7b072186d9b5f223967b4a514267fa62e02c2c548c622f671b0,text2qti_choice_06a7846b30bb067ae3e035b371ccbc366e302059a11d9de088d7b2a79ddbcd61</fieldentry>
            </qtimetadatafield>
            <qtimetadatafield>
              <fieldlabel>assessment_question_identifierref</fieldlabel>
              <fieldentry>text2qti_question_ref_590569522a9ffb82260297b8d4a8654514a4f752caee768f2a7a7ae39db593bb</fieldentry>
            </qtimetadatafield>
          </qtimetadata>
        </itemmetadata>
        <presentation>
          <material>
            <mattext texttype="text/html">&lt;p&gt;Choose the correct option. Cast iron (fundición) is characterized by:&lt;/p&gt;</mattext>
          </material>
          <response_lid ident="response1" rcardinality="Single">
            <render_choice>
              <response_label ident="text2qti_choice_849241459657eec189d237471bc1e4d14796fec4acc6f65b3a12eb595ad673c6">
                <material>
                  <mattext texttype="text/html">&lt;p&gt;Having less than 0.02% carbon&lt;/p&gt;</mattext>
                </material>
              </response_label>
              <response_label ident="text2qti_choice_34e0e369a9cfe7b072186d9b5f223967b4a514267fa62e02c2c548c622f671b0">
                <material>
                  <mattext texttype="text/html">&lt;p&gt;Having more than 2% carbon&lt;/p&gt;</mattext>
                </material>
              </response_label>
              <response_label ident="text2qti_choice_06a7846b30bb067ae3e035b371ccbc366e302059a11d9de088d7b2a79ddbcd61">
                <material>
                  <mattext texttype="text/html">&lt;p&gt;Being pure iron&lt;/p&gt;</mattext>
                </material>
              </response_label>
            </render_choice>
          </response_lid>
        </presentation>
        <resprocessing>
          <outcomes>
            <decvar maxvalue="100" minvalue="0" varname="SCORE" vartype="Decimal"/>
          </outcomes>
          <respcondition continue="No">
            <conditionvar>
              <varequal respident="response1">text2qti_choice_34e0e369a9cfe7b072186d9b5f223967b4a514267fa62e02c2c548c622f671b0</varequal>
            </conditionvar>
            <setvar action="Set" varname="SCORE">100</setvar>
          </respcondition>
        </resprocessing>
      </item>
      <item ident="text2qti_question_faf184d25ff084d7f2d2c10a4054babcd770c808e513b90dbfd839566258abb2" title="Question">
        <itemmetadata>
          <qtimetadata>
            <qtimetadatafield>
              <fieldlabel>question_type</fieldlabel>
              <fieldentry>multiple_choice_question</fieldentry>
            </qtimetadatafield>
            <qtimetadatafield>
              <fieldlabel>points_possible</fieldlabel>
              <fieldentry>1</fieldentry>
            </qtimetadatafield>
            <qtimetadatafield>
              <fieldlabel>original_answer_ids</fieldlabel>
              <fieldentry>text2qti_choice_1d5e534aadba142fa6c88a32eaa717a81506677bdc1843d1371e700ddefa2947,text2qti_choice_7461bbee722ea01f5198cfcd081e6fb761726b97857cce422335fff63646cdf0,text2qti_choice_325cd6ff26740e71c46252ba4a56263cdd049c7d675fdc822d0ed6bedaa5a895,text2qti_choice_be4abb4c58b2abbea7d2ae8c81161f9c18cd6a44bdb588cd7e9d20691e5a298d</fieldentry>
            </qtimetadatafield>
            <qtimetadatafield>
              <fieldlabel>assessment_question_identifierref</fieldlabel>
              <fieldentry>text2qti_question_ref_faf184d25ff084d7f2d2c10a4054babcd770c808e513b90dbfd839566258abb2</fieldentry>
            </qtimetadatafield>
          </qtimetadata>
        </itemmetadata>
        <presentation>
          <material>
            <mattext texttype="text/html">&lt;p&gt;What type of material is steel?&lt;/p&gt;</mattext>
          </material>
          <response_lid ident="response1" rcardinality="Single">
            <render_choice>
              <response_label ident="text2qti_choice_1d5e534aadba142fa6c88a32eaa717a81506677bdc1843d1371e700ddefa2947">
                <material>
                  <mattext texttype="text/html">&lt;p&gt;An alloy of iron and carbon&lt;/p&gt;</mattext>
                </material>
              </response_label>
              <response_label ident="text2qti_choice_7461bbee722ea01f5198cfcd081e6fb761726b97857cce422335fff63646cdf0">
                <material>
                  <mattext texttype="text/html">&lt;p&gt;A non-ferrous metal&lt;/p&gt;</mattext>
                </material>
              </response_label>
              <response_label ident="text2qti_choice_325cd6ff26740e71c46252ba4a56263cdd049c7d675fdc822d0ed6bedaa5a895">
                <material>
                  <mattext texttype="text/html">&lt;p&gt;A thermoplastic polymer&lt;/p&gt;</mattext>
                </material>
              </response_label>
              <response_label ident="text2qti_choice_be4abb4c58b2abbea7d2ae8c81161f9c18cd6a44bdb588cd7e9d20691e5a298d">
                <material>
                  <mattext texttype="text/html">&lt;p&gt;A composite fiber with iron and plastic&lt;/p&gt;</mattext>
                </material>
              </response_label>
            </render_choice>
          </response_lid>
        </presentation>
        <resprocessing>
          <outcomes>
            <decvar maxvalue="100" minvalue="0" varname="SCORE" vartype="Decimal"/>
          </outcomes>
          <respcondition continue="No">
            <conditionvar>
              <varequal respident="response1">text2qti_choice_1d5e534aadba142fa6c88a32eaa717a81506677bdc1843d1371e700ddefa2947</varequal>
            </conditionvar>
            <setvar action="Set" varname="SCORE">100</setvar>
          </respcondition>
        </resprocessing>
      </item>
    </section>
    </section>
  </assessment>
</questestinterop>
